DEPARTAMENTO,PROVINCIA,DISTRITO,CENTRO_POBLADO,LATITUD,LONGITUD
LIMA,LIMA,ANCON,ANCON,-11.77349821,-77.17526749
LIMA,LIMA,ATE,VITARTE,-12.02585569,-76.91856708
LIMA,LIMA,BARRANCO,BARRANCO,-12.14958497,-77.02109863
LIMA,LIMA,BREÑA,BREÑA,-12.05689815,-77.05188471
LIMA,LIMA,CARABAYLLO,CARABAYLLO,-11.88916521,-77.02734486
LIMA,LIMA,CARABAYLLO,HUATOCAY,-11.7572432,-76.98536519
LIMA,LIMA,CARABAYLLO,TRES UNIDOS,-11.75690759,-76.97780793
LIMA,LIMA,CARABAYLLO,CHOCAS BAJO,-11.76651,-76.97719
LIMA,LIMA,CARABAYLLO,CASINELLI,-11.78695,-76.98305
LIMA,LIMA,CARABAYLLO,CABALLERO,-11.79406,-76.98212
LIMA,LIMA,CARABAYLLO,HUARANGAL,-11.79515919,-77.00110799
LIMA,LIMA,CARABAYLLO,FRAY MARTIN,-11.80833,-76.98772
LIMA,LIMA,CARABAYLLO,SANTA ROSA DE PUQUIO,-11.81467,-76.99797
LIMA,LIMA,CARABAYLLO,CUCHICORRAL,-11.82975,-77.01294
LIMA,LIMA,CARABAYLLO,SANTIAGO DE PUNCHAUCA,-11.83219,-77.00001
LIMA,LIMA,CARABAYLLO,LA CRUZ (11 AMIGOS),-11.839987,-76.99748
LIMA,LIMA,CARABAYLLO,JICAMARCA,-11.84437,-76.99903
LIMA,LIMA,CARABAYLLO,FUNDO TORRE BLANCA (BLANCA),-11.85133,-76.99686
LIMA,LIMA,CARABAYLLO,PEDREGAL,-11.84804,-77.00292
LIMA,LIMA,CARABAYLLO,NICOLINI,-11.8534,-77.00088
LIMA,LIMA,CARABAYLLO,CERRO CAÑON,-11.84702,-77.02414
LIMA,LIMA,CARABAYLLO,CABAÑA SUCHE,-11.839158,-77.04534
LIMA,LIMA,CARABAYLLO,PUEBLO VIEJO,-11.83292,-77.04206
LIMA,LIMA,CARABAYLLO,EL PACIFICO,-11.83949,-77.07507
LIMA,LIMA,CARABAYLLO,JOSE CARLOS MARIATEGUI,-11.84478,-77.07514
LIMA,LIMA,CARABAYLLO,PASCAL,-11.85011,-77.05023
LIMA,LIMA,CARABAYLLO,LA ESPERANZA,-11.86932,-77.04729
LIMA,LIMA,CARABAYLLO,FUNDO PANCHA PAULA,-11.874,-77.05542
LIMA,LIMA,CARABAYLLO,GRANJA FINA,-11.8665,-77.05051
LIMA,LIMA,CARABAYLLO,OLFA,-11.76311476,-76.98635557
LIMA,LIMA,CARABAYLLO,RIO SECO,-11.78639,-76.96133
LIMA,LIMA,CARABAYLLO,PARAISO,-11.78655,-76.97257
LIMA,LIMA,CARABAYLLO,EL ROSARIO,-11.8036,-76.98462
LIMA,LIMA,CARABAYLLO,CERRO PUQUIO,-11.81334,-76.98699
LIMA,LIMA,CARABAYLLO,LA CAMPANA,-11.8287,-76.99193
LIMA,LIMA,CARABAYLLO,LAS ANIMAS,-11.8583,-77.05194
LIMA,LIMA,CARABAYLLO,VETANCIO,-11.86066,-77.05806
LIMA,LIMA,CARABAYLLO,ROMA ALTA,-11.87064,-77.04096
LIMA,LIMA,CARABAYLLO,HUACOY,-11.85773,-77.00693
LIMA,LIMA,CARABAYLLO,FUNDO PAMPA LIBRE,-11.83715,-77.02334
LIMA,LIMA,CARABAYLLO,EX FUNDO SANTA INES,-11.86248,-77.05603
LIMA,LIMA,CARABAYLLO,REPOSO,-11.8556,-77.05409
LIMA,LIMA,CARABAYLLO,CARMELITO,-11.82187,-76.99123
LIMA,LIMA,CARABAYLLO,SANTA ELENA,-11.8227,-76.99595
LIMA,LIMA,CARABAYLLO,DON LUIS,-11.82621,-76.98685
LIMA,LIMA,CARABAYLLO,SANTA INES PARCELA,-11.86541,-77.04787
LIMA,LIMA,CARABAYLLO,ASOCIACION SANTA INES,-11.86867,-77.05006
LIMA,LIMA,CARABAYLLO,ROMA BAJA,-11.86978,-77.05131
LIMA,LIMA,CARABAYLLO,RESIDENCIAL SANTA LUCIA,-11.87641,-77.05399
LIMA,LIMA,CARABAYLLO,SIPAN PERU,-11.8148,-76.98352
LIMA,LIMA,CARABAYLLO,FUNDO CUADROS,-11.83357,-77.06495
LIMA,LIMA,CARABAYLLO,BELLO HORIZONTE,-11.83485,-77.05482
LIMA,LIMA,CARABAYLLO,EL HUECO,-11.83611,-77.06969
LIMA,LIMA,CARABAYLLO,EX FUNDO MARIATEGUI,-11.83983,-77.06954
LIMA,LIMA,CARABAYLLO,NARANJITO,-11.83875189,-77.05697004
LIMA,LIMA,CARABAYLLO,VISTA HERMOSA,-11.84782,-77.07214
LIMA,LIMA,CARABAYLLO,EL SABROSO DE JOSE CARLOS MARIATEGUI,-11.84609,-77.07424
LIMA,LIMA,CARABAYLLO,GRANJA CARABAYLLO,-11.84771,-77.06707
LIMA,LIMA,CARABAYLLO,AGROPECUARIO VALLE EL CHILLON,-11.86572,-77.05744
LIMA,LIMA,CARABAYLLO,CAMINO REAL,-11.858199,-77.0326
LIMA,LIMA,CARABAYLLO,COPACABANA,-11.84767,-77.0767
LIMA,LIMA,CARABAYLLO,EL TREBOL,-11.83202,-77.05437
LIMA,LIMA,CARABAYLLO,TABLADA LA VIRGEN,-11.83247,-77.02408
LIMA,LIMA,CARABAYLLO,SAN FERNANDO DE CARABAYLLO,-11.85114,-77.02377
LIMA,LIMA,CARABAYLLO,SAN FERNANDO DE COPACABANA,-11.83436,-77.05929
LIMA,LIMA,CARABAYLLO,LA MANZANA,-11.843863,-77.05968
LIMA,LIMA,CARABAYLLO,CHACRA GRANDE,-11.850736,-77.05845
LIMA,LIMA,CARABAYLLO,TORRES DE COPACABANA,-11.83819,-77.07955
LIMA,LIMA,CARABAYLLO,SAN PEDRO DE CARABAYLLO,-11.85253,-77.06247
LIMA,LIMA,CARABAYLLO,SAN LORENZO,-11.83927,-77.07192
LIMA,LIMA,CHACLACAYO,CHACLACAYO,-11.97601827,-76.76978731
LIMA,LIMA,CHORRILLOS,CHORRILLOS,-12.17103396,-77.02131794
LIMA,LIMA,CIENEGUILLA,CIENEGUILLA,-12.11206468,-76.81683608
LIMA,LIMA,CIENEGUILLA,SAN ISIDRO,-12.04174,-76.722
LIMA,LIMA,CIENEGUILLA,SAN FRANCISCO,-12.06484,-76.75109
LIMA,LIMA,COMAS,LA LIBERTAD,-11.95711114,-77.04986483
LIMA,LIMA,EL AGUSTINO,EL AGUSTINO,-12.04998154,-76.9987199
LIMA,LIMA,INDEPENDENCIA,INDEPENDENCIA,-11.99679056,-77.05481866
LIMA,LIMA,JESUS MARIA,JESUS MARIA,-12.07517667,-77.04389115
LIMA,LIMA,LA MOLINA,LA MOLINA,-12.07798442,-76.91732812
LIMA,LIMA,LA VICTORIA,LA VICTORIA,-12.06394688,-77.03001969
LIMA,LIMA,LINCE,LINCE,-12.08250088,-77.03109025
LIMA,LIMA,LOS OLIVOS,LAS PALMERAS,-11.99152584,-77.07107424
LIMA,LIMA,LURIGANCHO,CHOSICA,-11.93643485,-76.69672195
LIMA,LIMA,LURIN,LURIN,-12.2733997,-76.869005
LIMA,LIMA,LURIN,LOS ALMACIGOS,-12.22605,-76.88466
LIMA,LIMA,LURIN,RINCONADA DEL PURUHUAY,-12.24298,-76.8533
LIMA,LIMA,LURIN,FUNDO SANTA GENOVEVA,-12.27805,-76.84714
LIMA,LIMA,LURIN,LOS MADEROS,-12.28165,-76.83515
LIMA,LIMA,LURIN,CASCO VIEJO,-12.28538,-76.83966
LIMA,LIMA,LURIN,VISTA ALEGRE,-12.29194,-76.83454
LIMA,LIMA,LURIN,BUENA VISTA ALTA,-12.25058,-76.85739
LIMA,LIMA,LURIN,LOMAS PUCARA,-12.279326,-76.83501
LIMA,LIMA,LURIN,LA QUERENCIA,-12.27205644,-76.83655614
LIMA,LIMA,MAGDALENA DEL MAR,MAGDALENA DEL MAR,-12.09043562,-77.06999553
LIMA,LIMA,PUEBLO LIBRE,PUEBLO LIBRE,-12.07777124,-77.06224999
LIMA,LIMA,MIRAFLORES,MIRAFLORES,-12.11924981,-77.02906825
LIMA,LIMA,PACHACAMAC,PACHACAMAC,-12.22992725,-76.85939703
LIMA,LIMA,PACHACAMAC,PUENTE MANCHAY,-12.14669266,-76.83305915
LIMA,LIMA,PACHACAMAC,TAMBO INGA,-12.14605,-76.83222
LIMA,LIMA,PACHACAMAC,PAMPA FLORES,-12.15874,-76.83879
LIMA,LIMA,PACHACAMAC,MANCHAY ALTO LOTE B,-12.15884,-76.85414
LIMA,LIMA,PACHACAMAC,INVASION CEMENTERIO,-12.150293,-76.85543
LIMA,LIMA,PACHACAMAC,MANCHAY BAJO,-12.17167,-76.86029
LIMA,LIMA,PACHACAMAC,SANTA ROSA DE MAL PASO,-12.17469341,-76.84499258
LIMA,LIMA,PACHACAMAC,CARDAL,-12.18323,-76.8494
LIMA,LIMA,PACHACAMAC,JATOSISA,-12.20873,-76.85048
LIMA,LIMA,PACHACAMAC,TOMINA,-12.1969,-76.85737
LIMA,LIMA,PUCUSANA,PUCUSANA,-12.48157914,-76.79779801
LIMA,LIMA,PUCUSANA,PLAYA PUERTO BELLO,-12.473453,-76.79032
LIMA,LIMA,PUCUSANA,ÑAVES,-12.5183647,-76.78496539
LIMA,LIMA,PUCUSANA,GRANJA SANTA ELENA,-12.46287,-76.78617
LIMA,LIMA,PUCUSANA,ALVATROZ II,-12.46728,-76.78973
LIMA,LIMA,PUCUSANA,PLAYA MINKA MAR,-12.46997,-76.78875
LIMA,LIMA,PUCUSANA,PLAYA ACANTILADO,-12.471849,-76.78901
LIMA,LIMA,PUCUSANA,LOMAS DE MARCHAN,-12.489683,-76.793169
LIMA,LIMA,PUENTE PIEDRA,PUENTE PIEDRA,-11.86680502,-77.07773392
LIMA,LIMA,PUNTA HERMOSA,PUNTA HERMOSA,-12.33518787,-76.82435778
LIMA,LIMA,PUNTA HERMOSA,CUCUYA,-12.295274,-76.77829
LIMA,LIMA,PUNTA HERMOSA,PAMPAPACTA,-12.29413,-76.80757
LIMA,LIMA,PUNTA HERMOSA,AVICOLA SAN CIRILO DE LOMA NEGRA - 03,-12.305339,-76.83204
LIMA,LIMA,PUNTA HERMOSA,AVICOLA SAN CIRILO DE LOMA NEGRA - 02,-12.32569,-76.82178
LIMA,LIMA,PUNTA HERMOSA,AVICOLA SAN CIRILO DE LOMA NEGRA - 01,-12.335126,-76.80583
LIMA,LIMA,PUNTA HERMOSA,PAMPA MAMAY,-12.29667,-76.82515
LIMA,LIMA,PUNTA HERMOSA,CERRO BOTIJA,-12.3422,-76.81489
LIMA,LIMA,PUNTA HERMOSA,AGRICULTORES Y GANADEROS,-12.30847,-76.81104
LIMA,LIMA,PUNTA NEGRA,PUNTA NEGRA,-12.36548459,-76.79514155
LIMA,LIMA,RIMAC,RIMAC,-12.04233517,-77.02619575
LIMA,LIMA,SAN BARTOLO,SAN BARTOLO,-12.38967528,-76.78050546
LIMA,LIMA,SAN BARTOLO,PLANTEL 41,-12.37919,-76.77535
LIMA,LIMA,SAN BARTOLO,PLANTEL 42,-12.38174,-76.76063
LIMA,LIMA,SAN BARTOLO,GRANJA 5,-12.39407,-76.74557
LIMA,LIMA,SAN BARTOLO,GRANJA 07,-12.37601,-76.76509
LIMA,LIMA,SAN BARTOLO,GRANJA 44,-12.374741,-76.75939698
LIMA,LIMA,SAN BARTOLO,GRANJA 47,-12.37656061,-76.75900485
LIMA,LIMA,SAN BARTOLO,LAS TORRES SANTA FE,-12.38559,-76.76526
LIMA,LIMA,SAN BORJA,SAN FRANCISCO DE BORJA,-12.10397218,-76.99925951
LIMA,LIMA,SAN ISIDRO,SAN ISIDRO,-12.10193916,-77.03553392
LIMA,LIMA,SAN JUAN DE LURIGANCHO,SAN JUAN DE LURIGANCHO,-12.02836153,-77.00821447
LIMA,LIMA,SAN JUAN DE MIRAFLORES,CIUDAD DE DIOS,-12.16332419,-76.96261792
LIMA,LIMA,SAN LUIS,SAN LUIS,-12.07593482,-76.99398424
LIMA,LIMA,SAN MARTIN DE PORRES,BARRIO OBRERO INDUSTRIAL,-12.02928525,-77.05564359
LIMA,LIMA,SAN MIGUEL,SAN MIGUEL,-12.09237392,-77.08001603
LIMA,LIMA,SANTA ANITA,SANTA ANITA - LOS FICUS,-12.04340145,-76.97076067
LIMA,LIMA,SANTA MARIA DEL MAR,SANTA MARIA DEL MAR,-12.40186364,-76.77393637
LIMA,LIMA,SANTA MARIA DEL MAR,DON BRUNO,-12.40399,-76.77486
LIMA,LIMA,SANTA ROSA,SANTA ROSA,-11.79701627,-77.17287453
LIMA,LIMA,SANTIAGO DE SURCO,SANTIAGO DE SURCO,-12.1452479,-77.00456894
LIMA,LIMA,SURQUILLO,SURQUILLO,-12.11717649,-77.02062193
LIMA,LIMA,VILLA EL SALVADOR,VILLA EL SALVADOR,-12.21222766,-76.93481349
LIMA,LIMA,VILLA MARIA DEL TRIUNFO,VILLA MARIA DEL TRIUNFO,-12.16262873,-76.94421337
LIMA,BARRANCA,BARRANCA,BARRANCA,-10.75408202,-77.76085268
LIMA,BARRANCA,BARRANCA,POTAO,-10.71287,-77.74012
LIMA,BARRANCA,BARRANCA,VINTO BAJO,-10.6898,-77.69433
LIMA,BARRANCA,BARRANCA,VINTO ALTO,-10.69354,-77.69059
LIMA,BARRANCA,BARRANCA,PAMPA SAN ALEJO,-10.69165572,-77.67864326
LIMA,BARRANCA,BARRANCA,RANRAIRCA,-10.68164898,-77.6745918
LIMA,BARRANCA,BARRANCA,RONCADOR,-10.67175526,-77.66713013
LIMA,BARRANCA,BARRANCA,CHIU CHIU,-10.72629,-77.72466
LIMA,BARRANCA,BARRANCA,VICTOR RAUL HAYA DE LA TORRE - EL MOLINO,-10.72928,-77.74681
LIMA,BARRANCA,BARRANCA,LOS ARENALES,-10.7247,-77.74557
LIMA,BARRANCA,BARRANCA,ROMPE QUINCHE,-10.72684,-77.75664
LIMA,BARRANCA,BARRANCA,EL MOLINO,-10.73321,-77.74776
LIMA,BARRANCA,BARRANCA,CENICERO,-10.76695,-77.75415
LIMA,BARRANCA,BARRANCA,CALATRABA,-10.76202,-77.7482
LIMA,BARRANCA,BARRANCA,PAYCUAN,-10.74637,-77.7466
LIMA,BARRANCA,BARRANCA,LA HOYADA (LOS ANITOS),-10.74339,-77.73984
LIMA,BARRANCA,BARRANCA,ESPONJA,-10.755003,-77.74303
LIMA,BARRANCA,BARRANCA,SAN MARTIN,-10.74354,-77.74395
LIMA,BARRANCA,BARRANCA,PAMPA VELARDE,-10.7456,-77.72879
LIMA,BARRANCA,BARRANCA,LOMAS DE BARRANCA,-10.74648,-77.73448
LIMA,BARRANCA,BARRANCA,PAMPA EL ANGEL,-10.73799,-77.7252
LIMA,BARRANCA,BARRANCA,MALVA ROSA,-10.73742,-77.78777
LIMA,BARRANCA,BARRANCA,AMAUTA,-10.74417,-77.74487
LIMA,BARRANCA,BARRANCA,LAS CASUARINAS,-10.74738,-77.74422
LIMA,BARRANCA,BARRANCA,VISTA ALEGRE,-10.68984,-77.69125
LIMA,BARRANCA,BARRANCA,PLAYA MALVA ROSA,-10.73932,-77.78732
LIMA,BARRANCA,BARRANCA,SIERRA MORENA,-10.71677,-77.68494
LIMA,BARRANCA,PARAMONGA,PARAMONGA,-10.67431537,-77.81872739
LIMA,BARRANCA,PARAMONGA,CUTATAMBO,-10.47032,-77.73825
LIMA,BARRANCA,PARAMONGA,LA VILLA,-10.47574606,-77.74081347
LIMA,BARRANCA,PARAMONGA,HUARICANGA,-10.48852,-77.74908
LIMA,BARRANCA,PARAMONGA,HOYA GRANDE,-10.49954628,-77.75371112
LIMA,BARRANCA,PARAMONGA,CHUSIN,-10.55183,-77.76581
LIMA,BARRANCA,PARAMONGA,SAN JUAN DE TUNAN,-10.5653931,-77.75963484
LIMA,BARRANCA,PARAMONGA,EMPEDRADA,-10.5721,-77.75799
LIMA,BARRANCA,PARAMONGA,HUATA,-10.59316,-77.77022
LIMA,BARRANCA,PARAMONGA,CARBONERA,-10.6169,-77.77168
LIMA,BARRANCA,PARAMONGA,POZO LIZA,-10.64391,-77.82049
LIMA,BARRANCA,PARAMONGA,SAN PABLO,-10.66006667,-77.815925
LIMA,BARRANCA,PARAMONGA,SAN PEDRO,-10.66169,-77.81722
LIMA,BARRANCA,PARAMONGA,ZAPALLAL,-10.65935,-77.82365
LIMA,BARRANCA,PARAMONGA,TABLA LARGA,-10.67223,-77.79482
LIMA,BARRANCA,PARAMONGA,HUARANGAL,-10.67099,-77.79355
LIMA,BARRANCA,PARAMONGA,CHILCAL,-10.66722998,-77.78935999
LIMA,BARRANCA,PARAMONGA,CANOA BAJO,-10.68572,-77.81023
LIMA,BARRANCA,PARAMONGA,CANOA (GRINGO MUERTO),-10.69025,-77.8143
LIMA,BARRANCA,PARAMONGA,CANOA ALTO,-10.69092,-77.81222
LIMA,BARRANCA,PARAMONGA,COVATIERRA,-10.69972,-77.81028
LIMA,BARRANCA,PATIVILCA,PATIVILCA,-10.69640836,-77.77978423
LIMA,BARRANCA,PATIVILCA,CHURLIN BAJO ( SANTA ROSA DE CHURLIN ),-10.64206167,-77.64893833
LIMA,BARRANCA,PATIVILCA,CARAQUEÑO,-10.64936,-77.71378
LIMA,BARRANCA,PATIVILCA,PAMPAS SAN JOSE,-10.65334103,-77.71069656
LIMA,BARRANCA,PATIVILCA,CARRETERIA,-10.66322379,-77.68519592
LIMA,BARRANCA,PATIVILCA,PROVIDENCIA,-10.67326801,-77.71226531
LIMA,BARRANCA,PATIVILCA,UPACA,-10.67167,-77.73568
LIMA,BARRANCA,PATIVILCA,LAS MONJAS,-10.68555,-77.7861
LIMA,BARRANCA,PATIVILCA,PUNTIZUELA,-10.6928,-77.73986
LIMA,BARRANCA,PATIVILCA,MOLINO,-10.71023,-77.76458333
LIMA,BARRANCA,PATIVILCA,EL CARMEN,-10.69603,-77.78863
LIMA,BARRANCA,PATIVILCA,EL MILAGRO,-10.71231,-77.78565
LIMA,BARRANCA,PATIVILCA,SIMON BOLIVAR,-10.72049,-77.77506
LIMA,BARRANCA,PATIVILCA,PAMPA CHIVATO,-10.66509,-77.71894
LIMA,BARRANCA,PATIVILCA,ESTACION,-10.68493,-77.7281
LIMA,BARRANCA,PATIVILCA,BELLA ESPERANZA-ONCE ESTRELLAS,-10.65161871,-77.7015434
LIMA,BARRANCA,PATIVILCA,SAN MARTIN DE PORRAS,-10.71036,-77.77765
LIMA,BARRANCA,PATIVILCA,PLANTA,-10.65975,-77.69937
LIMA,BARRANCA,PATIVILCA,ONCE ESTRELLAS,-10.65542,-77.70072
LIMA,BARRANCA,PATIVILCA,TUNSAN,-10.65391,-77.73728
LIMA,BARRANCA,SUPE,SUPE,-10.79575749,-77.716469
LIMA,BARRANCA,SUPE,SANTA ELENA SUR (JUAN VELASCO ALVARADO),-10.78435,-77.70435
LIMA,BARRANCA,SUPE,SANTO DOMINGO,-10.79085826,-77.67378254
LIMA,BARRANCA,SUPE,RIO SECO,-10.80328,-77.69014
LIMA,BARRANCA,SUPE,LA CAMPIÑA DE SUPE (PEDREGAL),-10.80972,-77.69404
LIMA,BARRANCA,SUPE,SANTA ROSA,-10.81377,-77.70497
LIMA,BARRANCA,SUPE,CAPELLANIA,-10.82537,-77.66602
LIMA,BARRANCA,SUPE,HUARALICA,-10.82944,-77.64955
LIMA,BARRANCA,SUPE,TUTUMO,-10.84639,-77.67002
LIMA,BARRANCA,SUPE,PIEDRA PARADA,-10.84822,-77.69439
LIMA,BARRANCA,SUPE,EL PORVENIR,-10.85277,-77.69041
LIMA,BARRANCA,SUPE,CALETA VIDAL,-10.85537,-77.70262
LIMA,BARRANCA,SUPE,LA MINKA,-10.78787954,-77.71370006
LIMA,BARRANCA,SUPE,EL SAUSAL,-10.8317,-77.68337
LIMA,BARRANCA,SUPE,SAN NICOLAS,-10.7946,-77.7291
LIMA,BARRANCA,SUPE PUERTO,SUPE PUERTO,-10.80446547,-77.74284617
LIMA,BARRANCA,SUPE PUERTO,REPARTICION,-10.77529,-77.72188
LIMA,BARRANCA,SUPE PUERTO,LA MINKA,-10.77367,-77.71646
LIMA,BARRANCA,SUPE PUERTO,ATARJEA,-10.77971,-77.73099
LIMA,BARRANCA,SUPE PUERTO,PAN DE AZUCAR,-10.77895,-77.72622
LIMA,BARRANCA,SUPE PUERTO,LA PALMA,-10.7802,-77.73758
LIMA,BARRANCA,SUPE PUERTO,EL ASPERO,-10.78183,-77.72404
LIMA,BARRANCA,SUPE PUERTO,TRES PIEDRAS,-10.78663,-77.73739
LIMA,BARRANCA,SUPE PUERTO,HUARANGAL,-10.78876,-77.7251
LIMA,BARRANCA,SUPE PUERTO,SAN JOSE,-10.78778,-77.71378
LIMA,CAJATAMBO,CAJATAMBO,CAJATAMBO,-10.4725797,-76.99300358
LIMA,CAJATAMBO,CAJATAMBO,HUARNIJIRCA,-10.47229833,-77.00567333
LIMA,CAJATAMBO,CAJATAMBO,ASTOBAMBA,-10.479,-76.99479
LIMA,CAJATAMBO,CAJATAMBO,CUNAN,-10.46835667,-77.00000167
LIMA,CAJATAMBO,CAJATAMBO,FLORIDA,-10.46532735,-77.00065597
LIMA,CAJATAMBO,CAJATAMBO,CHUCHUILCA,-10.47489,-76.98874
LIMA,CAJATAMBO,CAJATAMBO,TABIN,-10.48246667,-76.9906
LIMA,CAJATAMBO,CAJATAMBO,SAQUICOCHA,-10.48332,-76.99004
LIMA,CAJATAMBO,CAJATAMBO,MACA NACOTA,-10.48641833,-76.98582167
LIMA,CAJATAMBO,CAJATAMBO,HUAYNUPAMPA,-10.47577,-77.00127
LIMA,CAJATAMBO,CAJATAMBO,CONTUYOG,-10.482659,-76.99793
LIMA,CAJATAMBO,CAJATAMBO,MINAPATA,-10.47855,-76.99953
LIMA,CAJATAMBO,CAJATAMBO,CHIPOG,-10.49648435,-76.97948436
LIMA,CAJATAMBO,CAJATAMBO,YANA CORRAL,-10.495529,-76.98543
LIMA,CAJATAMBO,GORGOR,ISHANCORRAL,-10.59046685,-76.89815861
LIMA,CAJATAMBO,GORGOR,RUCMA,-10.59815785,-76.89228236
LIMA,CAJATAMBO,GORGOR,SUNDURIANA,-10.6111811,-76.88401449
LIMA,CAJATAMBO,GORGOR,SAGRAMACHAY,-10.62916435,-76.90227674
LIMA,CAJATAMBO,GORGOR,GENTIL PUNTA,-10.60009373,-76.87803911
LIMA,CANTA,CANTA,CANTA,-11.4671756,-76.62446822
LIMA,CANTA,CANTA,PUNCOS,-11.42625,-76.60117833
LIMA,CANTA,CANTA,GATO,-11.44176,-76.61047
LIMA,CANTA,CANTA,QUINAN,-11.45006,-76.59943
LIMA,CANTA,CANTA,SIRHUAYO,-11.45363167,-76.59799
LIMA,CANTA,CANTA,LLACTA PAMPA,-11.45240333,-76.60290167
LIMA,CANTA,CANTA,CUTUHUASI,-11.45582,-76.60774
LIMA,CANTA,CANTA,HUALCAYAN,-11.45826,-76.61259
LIMA,CANTA,CANTA,OBRAJILLO,-11.45217928,-76.62038908
LIMA,CANTA,CANTA,LAGUNA,-11.45617,-76.62046
LIMA,CANTA,CANTA,HUACHAUYANE,-11.46176,-76.61088
LIMA,CANTA,CANTA,OGONE,-11.47092,-76.61676
LIMA,CANTA,CANTA,QUINTA ROSADA,-11.47094,-76.61785
LIMA,CANTA,CANTA,QUISCAHUACTA,-11.47209,-76.62328
LIMA,CANTA,CANTA,CANCAY,-11.46765,-76.61106
LIMA,CANTA,CANTA,MATUPAMPA,-11.47234,-76.63053
LIMA,CANTA,CANTA,ANTAMACA,-11.48008806,-76.62652697
LIMA,CANTA,CANTA,INGENIO ALTO,-11.47591,-76.62091
LIMA,CANTA,CANTA,BALCON,-11.48477,-76.57367
LIMA,CANTA,CANTA,AYARA,-11.48728067,-76.61946975
LIMA,CANTA,CANTA,SOCOS,-11.49542,-76.64039
LIMA,CANTA,CANTA,HUANCARUME,-11.48697,-76.62174
LIMA,CANTA,CANTA,CHACCHA,-11.49004,-76.62486
LIMA,CANTA,CANTA,PARIAMARCA,-11.49317,-76.62897
LIMA,CANTA,CANTA,CIPA,-11.491831,-76.63271
LIMA,CANTA,CANTA,LUCPUCRU,-11.49845,-76.6412
LIMA,CANTA,CANTA,YUNCUMO,-11.49332,-76.65023
LIMA,CANTA,CANTA,AYRAHUANCA,-11.49642,-76.633
LIMA,CANTA,CANTA,CARHUAPAMPA,-11.4950129,-76.59885328
LIMA,CANTA,CANTA,CONDRO HUINCO,-11.50122,-76.63282
LIMA,CANTA,CANTA,CONGUY,-11.50973,-76.66731
LIMA,CANTA,CANTA,LLAMALQUE,-11.45895667,-76.615425
LIMA,CANTA,CANTA,SIPAYA,-11.45828667,-76.61259667
LIMA,CANTA,CANTA,HUACHULLANE,-11.45604,-76.61102
LIMA,CANTA,CANTA,HIRGUA,-11.46182,-76.60406
LIMA,CANTA,CANTA,PINCHI,-11.453,-76.60198
LIMA,CANTA,CANTA,MUCHACANCHA,-11.46010333,-76.62087667
LIMA,CANTA,CANTA,HUAYLLAPUQUIO,-11.45131,-76.60827
LIMA,CANTA,CANTA,TAMBO DE OBRAJILLO,-11.45092,-76.61711
LIMA,CANTA,CANTA,CALLACOTO,-11.45012,-76.59995
LIMA,CANTA,CANTA,CHAPA,-11.43741,-76.60826
LIMA,CANTA,CANTA,RUCUMA,-11.45927,-76.62014
LIMA,CANTA,CANTA,HUAYTARA,-11.46215,-76.61794
LIMA,CANTA,CANTA,HUILLCA,-11.46369,-76.63237
LIMA,CANTA,CANTA,CACHACHO BAJO,-11.47769,-76.62024
LIMA,CANTA,CANTA,PACHACAMA,-11.47917,-76.62796
LIMA,CANTA,CANTA,AYASURA,-11.49022,-76.62012
LIMA,CANTA,CANTA,UCLE,-11.44859,-76.61536
LIMA,CANTA,CANTA,AGENE,-11.46382,-76.61670833
LIMA,CANTA,CANTA,TRANCA,-11.45938,-76.61204
LIMA,CANTA,CANTA,CAPRACANCHA,-11.45677,-76.60128
LIMA,CANTA,CANTA,CONCHACHAS,-11.49567,-76.62537
LIMA,CANTA,CANTA,SOSPUERO,-11.50308,-76.65309
LIMA,CANTA,CANTA,HUALGAGAYAN,-11.45171,-76.61322
LIMA,CANTA,CANTA,HUALGAYANE,-11.45513,-76.60988
LIMA,CANTA,CANTA,LLAGUASHUASI,-11.43761,-76.58186
LIMA,CANTA,CANTA,PARAJE TRANQUERA,-11.45976,-76.60129
LIMA,CANTA,ARAHUAY,LICAHUASI,-11.653355,-76.72643333
LIMA,CANTA,ARAHUAY,SHIMAY,-11.642755,-76.71312833
LIMA,CANTA,ARAHUAY,PAQUIAHUANCA,-11.6546611,-76.71962574
LIMA,CANTA,HUAMANTANGA,YANE,-11.543675,-76.71335833
LIMA,CANTA,HUAMANTANGA,QUILCA,-11.67652998,-76.95364999
LIMA,CANTA,HUAMANTANGA,VIRGEN DEL CARMEN,-11.6589981,-76.94319336
LIMA,CANTA,HUAMANTANGA,GRANJA N 180,-11.63100998,-76.88790999
LIMA,CANTA,HUAMANTANGA,LINDERO TRAPICHE,-11.6767461,-76.97308011
LIMA,CANTA,HUAROS,HUACOS,-11.4184,-76.60119
LIMA,CANTA,HUAROS,HUANCHAN,-11.44014,-76.61556
LIMA,CANTA,HUAROS,COLLOTAYOK,-11.41946023,-76.50932111
LIMA,CANTA,HUAROS,JUSHPA,-11.34246285,-76.54266986
LIMA,CANTA,HUAROS,YAPACOCHA,-11.40442573,-76.54045311
LIMA,CANTA,LACHAQUI,CHINCHILCAY,-11.51593167,-76.58710667
LIMA,CANTA,LACHAQUI,CANCAPUCRO,-11.53516167,-76.61667333
LIMA,CANTA,LACHAQUI,CARACUANCA,-11.542305,-76.62504667
LIMA,CANTA,LACHAQUI,TRANCA,-11.549105,-76.62363167
LIMA,CANTA,LACHAQUI,SURCA,-11.569635,-76.63953333
LIMA,CANTA,LACHAQUI,CHAQUEIHUARQUI,-11.53934,-76.62014
LIMA,CANTA,SAN BUENAVENTURA,SAN BUENAVENTURA,-11.48929807,-76.66223044
LIMA,CANTA,SAN BUENAVENTURA,YANACOCHA,-11.36491998,-76.64666999
LIMA,CANTA,SAN BUENAVENTURA,TINGO,-11.44006032,-76.65936794
LIMA,CANTA,SAN BUENAVENTURA,GALLARETA,-11.44886833,-76.61876833
LIMA,CANTA,SAN BUENAVENTURA,LUCLE,-11.44773,-76.61899
LIMA,CANTA,SAN BUENAVENTURA,SAN MIGUEL,-11.45279629,-76.62477989
LIMA,CANTA,SAN BUENAVENTURA,RUMICHACA,-11.457435,-76.62598333
LIMA,CANTA,SAN BUENAVENTURA,HUAMANMAYO,-11.46573,-76.63452
LIMA,CANTA,SAN BUENAVENTURA,TUNASPAMPA,-11.47766,-76.64035
LIMA,CANTA,SAN BUENAVENTURA,TAMBO,-11.486128,-76.64409
LIMA,CANTA,SAN BUENAVENTURA,SAN JOSE VIEJO,-11.50166,-76.68738
LIMA,CANTA,SAN BUENAVENTURA,CAMIACOCHA,-11.46854,-76.63522
LIMA,CANTA,SAN BUENAVENTURA,LA ARENA,-11.44763667,-76.61907833
LIMA,CANTA,SAN BUENAVENTURA,LA BANDA,-11.44963692,-76.61994591
LIMA,CANTA,SAN BUENAVENTURA,EL SOLAR,-11.49338,-76.6576
LIMA,CANTA,SAN BUENAVENTURA,SANTA ROSA DE TAMBO,-11.48776661,-76.67251747
LIMA,CANTA,SAN BUENAVENTURA,CHACACANCHA,-11.43864727,-76.6513193
LIMA,CANTA,SAN BUENAVENTURA,LANCANA,-11.44958,-76.65319
LIMA,CANTA,SAN BUENAVENTURA,ACOCHACA,-11.45852,-76.62673
LIMA,CANTA,SANTA ROSA DE QUIVES,YANGAS,-11.6954,-76.8466
LIMA,CANTA,SANTA ROSA DE QUIVES,RAMO,-11.5736288,-76.72711249
LIMA,CANTA,SANTA ROSA DE QUIVES,PAMPACOCHA,-11.581835,-76.673435
LIMA,CANTA,SANTA ROSA DE QUIVES,PICHU PICHU,-11.57720667,-76.73300833
LIMA,CANTA,SANTA ROSA DE QUIVES,YASO,-11.57882667,-76.73984833
LIMA,CANTA,SANTA ROSA DE QUIVES,PUEBLO VIEJO,-11.584205,-76.74666333
LIMA,CANTA,SANTA ROSA DE QUIVES,CASA QUEMADA,-11.59060167,-76.74956667
LIMA,CANTA,SANTA ROSA DE QUIVES,PIEDRA BLANCA,-11.594285,-76.75318667
LIMA,CANTA,SANTA ROSA DE QUIVES,PICULLO,-11.5970546,-76.75774949
LIMA,CANTA,SANTA ROSA DE QUIVES,QUIVES,-11.66766121,-76.78743821
LIMA,CANTA,SANTA ROSA DE QUIVES,PUCARA,-11.6935,-76.81706
LIMA,CANTA,SANTA ROSA DE QUIVES,SANTO TORIBIO,-11.696985,-76.81969
LIMA,CANTA,SANTA ROSA DE QUIVES,HUERTA VIEJA,-11.69725667,-76.82774333
LIMA,CANTA,SANTA ROSA DE QUIVES,SANTA MARIA,-11.69496,-76.83736
LIMA,CANTA,SANTA ROSA DE QUIVES,MAGDALENA,-11.69384333,-76.83759
LIMA,CANTA,SANTA ROSA DE QUIVES,PRIETO,-11.69471,-76.84307
LIMA,CANTA,SANTA ROSA DE QUIVES,EL ALTILLO,-11.698713,-76.85494
LIMA,CANTA,SANTA ROSA DE QUIVES,HUARABI ALTO,-11.69465833,-76.85831
LIMA,CANTA,SANTA ROSA DE QUIVES,LETICIA,-11.69644395,-76.86782903
LIMA,CANTA,SANTA ROSA DE QUIVES,HORNILLOS,-11.68786667,-76.88015167
LIMA,CANTA,SANTA ROSA DE QUIVES,COCAYALTA,-11.6823,-76.90495
LIMA,CANTA,SANTA ROSA DE QUIVES,SANTA ROSA DE MACAS,-11.68081,-76.9244
LIMA,CANTA,SANTA ROSA DE QUIVES,QUILCA,-11.71615,-76.96446
LIMA,CANTA,SANTA ROSA DE QUIVES,TRAPICHE,-11.72133,-76.96301
LIMA,CANTA,SANTA ROSA DE QUIVES,ZAPAN ALTO,-11.68107667,-76.91567333
LIMA,CANTA,SANTA ROSA DE QUIVES,ALCACOTO,-11.696793,-76.86795
LIMA,CANTA,SANTA ROSA DE QUIVES,EL CARMEN,-11.72309,-76.96946
LIMA,CANTA,SANTA ROSA DE QUIVES,VIRGEN DEL CARMEN DE QUIPAN,-11.72466,-76.96727
LIMA,CANTA,SANTA ROSA DE QUIVES,TACURMA,-11.57164998,-76.70442999
LIMA,CANTA,SANTA ROSA DE QUIVES,TAMBO,-11.57209185,-76.71884374
LIMA,CANTA,SANTA ROSA DE QUIVES,PIRICMA,-11.59292185,-76.72555474
LIMA,CANTA,SANTA ROSA DE QUIVES,AÑAPO,-11.58423998,-76.71866999
LIMA,CANTA,SANTA ROSA DE QUIVES,CHACLIMA,-11.60654885,-76.70283011
LIMA,CANTA,SANTA ROSA DE QUIVES,RAUMACOCHA,-11.58267973,-76.67852736
LIMA,CANTA,SANTA ROSA DE QUIVES,SAN CRISTOBAL,-11.56106248,-76.69119336
LIMA,CANTA,SANTA ROSA DE QUIVES,PARARA,-11.57570898,-76.71804486
LIMA,CAÑETE,SAN VICENTE DE CAÑETE,SAN VICENTE DE CAÑETE,-13.07777299,-76.38743892
LIMA,CAÑETE,SAN VICENTE DE CAÑETE,EL CHILCAL,-13.0688978,-76.36951821
LIMA,CAÑETE,SAN VICENTE DE CAÑETE,VALLE HERMOSO-SANTA ROSA,-13.06649,-76.35507
LIMA,CAÑETE,SAN VICENTE DE CAÑETE,HUALCARA (EXPERIMENTAL AGRICOLA),-13.0765,-76.35253
LIMA,CAÑETE,SAN VICENTE DE CAÑETE,SAN ANTONIO,-13.08884,-76.41375
LIMA,CAÑETE,SAN VICENTE DE CAÑETE,PLAYA HERMOSA,-13.091074,-76.43325
LIMA,CAÑETE,SAN VICENTE DE CAÑETE,AGUA DULCE,-13.08955317,-76.42552559
LIMA,CAÑETE,SAN VICENTE DE CAÑETE,SANTA ROSA (SANTA ROSA BAJA),-13.09505,-76.39516
LIMA,CAÑETE,SAN VICENTE DE CAÑETE,HIPOLITO UNANUE (CERRO BLANCO),-13.09772,-76.38254
LIMA,CAÑETE,SAN VICENTE DE CAÑETE,SAN GERMAN,-13.09936,-76.36582
LIMA,CAÑETE,SAN VICENTE DE CAÑETE,CUIVA,-13.1048,-76.36316
LIMA,CAÑETE,SAN VICENTE DE CAÑETE,HILARION (SAN HILARION),-13.10951,-76.37893
LIMA,CAÑETE,SAN VICENTE DE CAÑETE,ENCAÑADA,-13.10314,-76.38665
LIMA,CAÑETE,SAN VICENTE DE CAÑETE,COCHAHUASI-PLAYA HERMOSA (COCHAHUASI),-13.11385077,-76.41265652
LIMA,CAÑETE,SAN VICENTE DE CAÑETE,MONTEJIATO,-13.107507,-76.33266808
LIMA,CAÑETE,SAN VICENTE DE CAÑETE,BUENOS AIRES,-13.10656727,-76.30742336
LIMA,CAÑETE,SAN VICENTE DE CAÑETE,EL OLIVO,-13.13224497,-76.34605297
LIMA,CAÑETE,SAN VICENTE DE CAÑETE,TOMA DE PALO,-13.09911894,-76.26418124
LIMA,CAÑETE,SAN VICENTE DE CAÑETE,SAN CARLOS ALTO,-13.11365336,-76.27063387
LIMA,CAÑETE,SAN VICENTE DE CAÑETE,SANTA SOFIA,-13.11628,-76.32429
LIMA,CAÑETE,SAN VICENTE DE CAÑETE,LUCUMO,-13.11917,-76.33866
LIMA,CAÑETE,SAN VICENTE DE CAÑETE,LA PAMPILLA,-13.11431,-76.37278
LIMA,CAÑETE,SAN VICENTE DE CAÑETE,BOCA DE RIO,-13.11953,-76.40796
LIMA,CAÑETE,SAN VICENTE DE CAÑETE,SANTA TERESA,-13.12313,-76.36679
LIMA,CAÑETE,SAN VICENTE DE CAÑETE,PEDRO DE CRUZ,-13.12046644,-76.35992547
LIMA,CAÑETE,SAN VICENTE DE CAÑETE,PAMPA CASTILLA,-13.11729,-76.3529
LIMA,CAÑETE,SAN VICENTE DE CAÑETE,ISLA BAJA,-13.12051,-76.29554
LIMA,CAÑETE,SAN VICENTE DE CAÑETE,PALO,-13.12818798,-76.30247651
LIMA,CAÑETE,SAN VICENTE DE CAÑETE,DE LA VEGA,-13.12965,-76.34779
LIMA,CAÑETE,SAN VICENTE DE CAÑETE,CLARITA,-13.13122,-76.36484
LIMA,CAÑETE,SAN VICENTE DE CAÑETE,HERBAY BAJO,-13.13131271,-76.39453025
LIMA,CAÑETE,SAN VICENTE DE CAÑETE,SAN JUAN,-13.13013,-76.32037
LIMA,CAÑETE,SAN VICENTE DE CAÑETE,HERBAY ALTO,-13.13611,-76.34686
LIMA,CAÑETE,SAN VICENTE DE CAÑETE,SANDIAL,-13.13606,-76.35718
LIMA,CAÑETE,SAN VICENTE DE CAÑETE,LA LAGRIMA,-13.13512,-76.3649
LIMA,CAÑETE,SAN VICENTE DE CAÑETE,SANTA ANGELA,-13.13441,-76.36907
LIMA,CAÑETE,SAN VICENTE DE CAÑETE,MOLLE,-13.13951,-76.36685
LIMA,CAÑETE,SAN VICENTE DE CAÑETE,MELCHORITA,-13.14178,-76.38448
LIMA,CAÑETE,SAN VICENTE DE CAÑETE,IGUANA,-13.14272535,-76.39127991
LIMA,CAÑETE,SAN VICENTE DE CAÑETE,ARENA BAJA,-13.14853498,-76.37409486
LIMA,CAÑETE,SAN VICENTE DE CAÑETE,CHACARILLA,-13.14809,-76.37753
LIMA,CAÑETE,SAN VICENTE DE CAÑETE,SANTO DOMINGO,-13.16103,-76.36543
LIMA,CAÑETE,SAN VICENTE DE CAÑETE,ARENA ALTA,-13.14910241,-76.36987619
LIMA,CAÑETE,SAN VICENTE DE CAÑETE,LA GRANJA,-13.18736,-76.30871
LIMA,CAÑETE,SAN VICENTE DE CAÑETE,SANTA ROSA ALTA,-13.09545031,-76.38925347
LIMA,CAÑETE,SAN VICENTE DE CAÑETE,NUEVO AYACUCHO,-13.29882093,-76.2458395
LIMA,CAÑETE,SAN VICENTE DE CAÑETE,JAGUAY,-13.32266217,-76.24441449
LIMA,CAÑETE,SAN VICENTE DE CAÑETE,LOS GIRASOLES,-13.07603633,-76.40215598
LIMA,CAÑETE,SAN VICENTE DE CAÑETE,ESPIRITU SANTO DE PALO,-13.11227833,-76.26837832
LIMA,CAÑETE,SAN VICENTE DE CAÑETE,ISLA ALTA,-13.11815936,-76.29570639
LIMA,CAÑETE,SAN VICENTE DE CAÑETE,LA CRUZ,-13.13397,-76.38014
LIMA,CAÑETE,SAN VICENTE DE CAÑETE,LA PALMA,-13.13552,-76.39318
LIMA,CAÑETE,SAN VICENTE DE CAÑETE,HUACA DE ORO,-13.12868162,-76.38194661
LIMA,CAÑETE,SAN VICENTE DE CAÑETE,PEÑA,-13.13063,-76.38792
LIMA,CAÑETE,SAN VICENTE DE CAÑETE,NUEVO CAÑETE,-13.27472,-76.26761
LIMA,CAÑETE,SAN VICENTE DE CAÑETE,CINCO CRUCES,-13.29285,-76.25716
LIMA,CAÑETE,SAN VICENTE DE CAÑETE,CAMINO REAL,-13.10462367,-76.37180782
LIMA,CAÑETE,SAN VICENTE DE CAÑETE,CHOMBO,-13.1016489,-76.38609915
LIMA,CAÑETE,SAN VICENTE DE CAÑETE,URBANITO CRUZ,-13.1236,-76.3626
LIMA,CAÑETE,SAN VICENTE DE CAÑETE,APOSTOL SANTIAGO,-13.28789,-76.25579
LIMA,CAÑETE,SAN VICENTE DE CAÑETE,BRISAS DE CONCON,-13.22241308,-76.31280848
LIMA,CAÑETE,ASIA,ASIA,-12.77947785,-76.55662987
LIMA,CAÑETE,ASIA,CALETA DE BUJAMA,-12.71644,-76.63031
LIMA,CAÑETE,ASIA,PAMPA DOLORES,-12.72787,-76.61989
LIMA,CAÑETE,ASIA,9 DE OCTUBRE,-12.73628,-76.6121
LIMA,CAÑETE,ASIA,CHOCALLA,-12.73406,-76.61559
LIMA,CAÑETE,ASIA,SAN PEDRO,-12.745,-76.60536
LIMA,CAÑETE,ASIA,LOS POCHOS (GALLINERO),-12.76151,-76.604
LIMA,CAÑETE,ASIA,SANTA CRUZ DE ASIA (BLANCA ROSA DEL MAR),-12.76435392,-76.60070573
LIMA,CAÑETE,ASIA,EL PLATANAL,-12.77469,-76.54236
LIMA,CAÑETE,ASIA,ESQUINA DE ASIA,-12.76849,-76.50405
LIMA,CAÑETE,ASIA,ISLA ALTA,-12.77687167,-76.52285
LIMA,CAÑETE,ASIA,BUENA VISTA,-12.78273667,-76.56007667
LIMA,CAÑETE,ASIA,PALMA ALTA,-12.79033983,-76.56789233
LIMA,CAÑETE,ASIA,LAS PALMAS,-12.79292,-76.57308
LIMA,CAÑETE,ASIA,ROSARIO DE ASIA,-12.7992766,-76.56698483
LIMA,CAÑETE,ASIA,EL TAMBO,-12.80771,-76.56065
LIMA,CAÑETE,ASIA,LA JOYA,-12.79352,-76.56115
LIMA,CAÑETE,ASIA,MAL PASO,-12.80624,-76.55614
LIMA,CAÑETE,ASIA,SARAPAMPA,-12.83035,-76.53827
LIMA,CAÑETE,ASIA,YMCA,-12.89478,-76.50322
LIMA,CAÑETE,ASIA,PLAYA EL BARRRANCADERO,-12.91591,-76.50652
LIMA,CAÑETE,ASIA,PLAYA LAS BRISAS,-12.76837,-76.60991
LIMA,CAÑETE,ASIA,PLAYA LOS COCOS,-12.780398,-76.59828
LIMA,CAÑETE,ASIA,PLAYA KAPALA,-12.781475,-76.59594
LIMA,CAÑETE,ASIA,PLAYA SOL Y MAR,-12.77979729,-76.59335361
LIMA,CAÑETE,ASIA,CAPILLA DE ASIA,-12.78003,-76.56649
LIMA,CAÑETE,ASIA,PLAYA BONITA,-12.785016,-76.59178
LIMA,CAÑETE,ASIA,PLAYA COSTA DE SOL,-12.786832,-76.589
LIMA,CAÑETE,ASIA,PLAYA PALABRITAS,-12.789187,-76.58555
LIMA,CAÑETE,ASIA,PLAYA COCOA,-12.790858,-76.58341
LIMA,CAÑETE,ASIA,PLAYA LAS PALMAS,-12.779044,-76.59996
LIMA,CAÑETE,ASIA,ASIA DEL MAR,-12.78121,-76.58359
LIMA,CAÑETE,ASIA,PLAYA EL SOL,-12.758687,-76.61893
LIMA,CAÑETE,ASIA,PLAYA BLANCA,-12.761894,-76.6141
LIMA,CAÑETE,ASIA,PLAYA GALAPAGOS,-12.773238,-76.609
LIMA,CAÑETE,ASIA,PLAYA RINCONADA BEACH,-12.771678,-76.60908
LIMA,CAÑETE,ASIA,PLAYA ALGARROBOS,-12.77557,-76.60838
LIMA,CAÑETE,ASIA,PLAYA LOBO BLANCO,-12.735591,-76.63327
LIMA,CAÑETE,ASIA,PLAYA CHUPICALLA,-12.73767,-76.63416
LIMA,CAÑETE,ASIA,PLAYA BORA BORA,-12.756394,-76.61742
LIMA,CAÑETE,ASIA,PLAYA MAR AZUL,-12.770281,-76.60885
LIMA,CAÑETE,ASIA,PLAYA EL GOLF,-12.745085,-76.63119
LIMA,CAÑETE,ASIA,PLAYA LAS ARENAS,-12.7324,-76.63068
LIMA,CAÑETE,ASIA,PLAYA CAYMA,-12.777036,-76.60665
LIMA,CAÑETE,ASIA,PLAYA ISLA,-12.766745,-76.61143
LIMA,CAÑETE,ASIA,PLAYA LOS FLAMENCOS,-12.765601,-76.61225
LIMA,CAÑETE,ASIA,PLAYA LA ENCONTRADA,-12.88741,-76.51232
LIMA,CAÑETE,ASIA,PLAYA A.C.J.,-12.88860998,-76.51228999
LIMA,CAÑETE,ASIA,PLAYA LA ESCONDIDA,-12.89007998,-76.51158999
LIMA,CAÑETE,ASIA,PLAYA MISTERIO,-12.90587,-76.50864
LIMA,CAÑETE,ASIA,PLAYA GAVIOTAS,-12.79339,-76.57537
LIMA,CAÑETE,ASIA,PLAYA LA RIVIERA FRANCESA,-12.85283,-76.51711
LIMA,CAÑETE,ASIA,PLAYA CHAMBALA,-12.89104,-76.50907
LIMA,CAÑETE,ASIA,CONTRY CLUB DE VILLA,-12.86699,-76.51602
LIMA,CAÑETE,ASIA,APRILS,-12.75425,-76.6225
LIMA,CAÑETE,ASIA,DELFINES,-12.725901,-76.6292
LIMA,CAÑETE,ASIA,CLUB REAL,-12.798984,-76.57235
LIMA,CAÑETE,CALANGO,AYMARA,-12.56589,-76.60127
LIMA,CAÑETE,CALANGO,VIRGEN DEL CARMEN,-12.56562,-76.60143
LIMA,CAÑETE,CALANGO,MARIA CONCEPCION DE TUTUMO,-12.5713,-76.60087
LIMA,CAÑETE,CERRO AZUL,CERRO AZUL,-13.02486812,-76.4792328
LIMA,CAÑETE,CERRO AZUL,LAS LOMAS DEL MAR-PUERTO FIEL,-12.94224,-76.50385
LIMA,CAÑETE,CERRO AZUL,PUERTO FIEL,-12.94484,-76.50341
LIMA,CAÑETE,CERRO AZUL,LA QUEBRADA,-12.95044,-76.50229
LIMA,CAÑETE,CERRO AZUL,TALLO SECO,-12.948961,-76.508
LIMA,CAÑETE,CERRO AZUL,PUERTO GALLARDO,-12.96185,-76.51002
LIMA,CAÑETE,CERRO AZUL,LAS CONCHITAS,-12.97584,-76.50363
LIMA,CAÑETE,CERRO AZUL,PAMPA DE LOS LOBOS,-13.01256,-76.47883
LIMA,CAÑETE,CERRO AZUL,BELLAVISTA,-13.01686,-76.47388
LIMA,CAÑETE,CERRO AZUL,COM. GANADERA DE CAÑETE,-13.01449,-76.47947
LIMA,CAÑETE,CERRO AZUL,CASA BLANCA ( SANTA FE DE VERACRUZ ),-13.01782,-76.45522
LIMA,CAÑETE,CERRO AZUL,CERRO TINAJERO,-13.02437,-76.46802
LIMA,CAÑETE,CERRO AZUL,PAGUATODO,-13.027411,-76.47513
LIMA,CAÑETE,CERRO AZUL,CERRO AZUL,-13.03546,-76.47052
LIMA,CAÑETE,CERRO AZUL,SEÑOR DE LOS MILAGROS,-13.03244374,-76.46992079
LIMA,CAÑETE,CERRO AZUL,CASA BLANCA,-13.03404926,-76.45752032
LIMA,CAÑETE,CERRO AZUL,TRANQUERA DE FIERRO,-13.03837,-76.44851
LIMA,CAÑETE,CERRO AZUL,PUENTE TABLA,-13.04107,-76.47844
LIMA,CAÑETE,CERRO AZUL,EL OLIVAR,-13.04434,-76.47456
LIMA,CAÑETE,CERRO AZUL,LOS PLATANALES,-13.04192,-76.44297
LIMA,CAÑETE,CERRO AZUL,PUNTA CORRIENTE,-12.95508,-76.5111
LIMA,CAÑETE,CERRO AZUL,MIRAFLORES,-13.02491,-76.45652
LIMA,CAÑETE,CERRO AZUL,PLAYA CHECONDE,-12.93763,-76.50455
LIMA,CAÑETE,CERRO AZUL,LOS PAJARITOS,-12.92047833,-76.50152
LIMA,CAÑETE,CERRO AZUL,CERRO COLORADO,-13.03446,-76.47405
LIMA,CAÑETE,CERRO AZUL,LAZARETO BAJO,-13.01916,-76.48103
LIMA,CAÑETE,CERRO AZUL,HUACA GRANDE,-13.03059,-76.47466
LIMA,CAÑETE,CERRO AZUL,CERRO CALAVERA,-13.03524667,-76.470615
LIMA,CAÑETE,CERRO AZUL,LAZARETO ALTO,-13.00961,-76.48413
LIMA,CAÑETE,CERRO AZUL,LOS REYES,-13.00587,-76.48713
LIMA,CAÑETE,CERRO AZUL,RIO AZUL,-12.99638,-76.48527
LIMA,CAÑETE,CERRO AZUL,SAN FERNANDO,-12.91034,-76.487
LIMA,CAÑETE,CERRO AZUL,PUERTO FIEL ZONA 02,-12.9507,-76.51033
LIMA,CAÑETE,CHILCA,CHILCA,-12.51861767,-76.73818286
LIMA,CAÑETE,CHILCA,GARITA DE CONTROL,-12.45555333,-76.75378167
LIMA,CAÑETE,CHILCA,OLOF PALME,-12.46398,-76.74745
LIMA,CAÑETE,CHILCA,PAPA LEON XIII,-12.47336,-76.73907
LIMA,CAÑETE,CHILCA,15 DE ENERO,-12.48563,-76.73663
LIMA,CAÑETE,CHILCA,LOS PILARES,-12.49158,-76.7586
LIMA,CAÑETE,CHILCA,EL COLORADO,-12.49405,-76.75142
LIMA,CAÑETE,CHILCA,POZO BLANCO,-12.49681,-76.72966
LIMA,CAÑETE,CHILCA,DOÑA JAVIERA,-12.49955,-76.76129
LIMA,CAÑETE,CHILCA,CARRIZAL (LOS CARRIZALES),-12.50632,-76.76781
LIMA,CAÑETE,CHILCA,SANTA CRUZ SALITRE,-12.49953,-76.79021
LIMA,CAÑETE,CHILCA,BANDURREA,-12.51638998,-76.78008999
LIMA,CAÑETE,CHILCA,SAN JAVIER,-12.50845,-76.74584
LIMA,CAÑETE,CHILCA,SANTA ANGELA,-12.49629,-76.72303
LIMA,CAÑETE,CHILCA,SANTA CECILIA,-12.498424,-76.72163
LIMA,CAÑETE,CHILCA,SAN HILARION,-12.50918,-76.72567
LIMA,CAÑETE,CHILCA,ZEUS (ISLA VERDE),-12.53247167,-76.72485167
LIMA,CAÑETE,CHILCA,LAS SALINAS,-12.54209855,-76.72154783
LIMA,CAÑETE,CHILCA,LAPA LAPA,-12.55695,-76.72773
LIMA,CAÑETE,CHILCA,PUNTA ARENAS,-12.55092,-76.71185
LIMA,CAÑETE,CHILCA,KM 67,-12.54414,-76.7169
LIMA,CAÑETE,CHILCA,CANTERA LAS MERCEDES,-12.51291,-76.71645
LIMA,CAÑETE,CHILCA,CALANGUILLO,-12.54945,-76.71246
LIMA,CAÑETE,CHILCA,SAN BARTOLITO,-12.48742,-76.70906
LIMA,CAÑETE,CHILCA,BEQUETETE,-12.50218,-76.74166
LIMA,CAÑETE,CHILCA,EL SOL,-12.49256,-76.74298
LIMA,CAÑETE,CHILCA,COOPERATIVA AGRARIA,-12.4886,-76.74008
LIMA,CAÑETE,CHILCA,FUNDO SAN PEDRO,-12.478653,-76.74432
LIMA,CAÑETE,CHILCA,LA PATITA,-12.462172,-76.74875
LIMA,CAÑETE,CHILCA,SALINAS,-12.54354,-76.72764
LIMA,CAÑETE,CHILCA,PLAYA SAN PEDRO,-12.53643,-76.74091
LIMA,CAÑETE,CHILCA,CHACRA BLANCA,-12.49992,-76.75102
LIMA,CAÑETE,CHILCA,LOS TILOS,-12.49455,-76.74537
LIMA,CAÑETE,CHILCA,EL PROGRESO,-12.49388,-76.7212
LIMA,CAÑETE,CHILCA,SAN JAVIER BAJO,-12.50346,-76.75019
LIMA,CAÑETE,CHILCA,EL AGRONOMO,-12.5017,-76.75891
LIMA,CAÑETE,CHILCA,MAYTA CAPAC,-12.50852,-76.74007
LIMA,CAÑETE,CHILCA,SANTO DOMINGO,-12.51242,-76.76094
LIMA,CAÑETE,CHILCA,LA JOYA,-12.52597,-76.74822
LIMA,CAÑETE,CHILCA,ALLAHUAY ASADUNAR,-12.3998,-76.75213
LIMA,CAÑETE,CHILCA,SANTA MARIA,-12.40579,-76.724035
LIMA,CAÑETE,CHILCA,MANUEL SCORZA,-12.4739,-76.7557
LIMA,CAÑETE,COAYLLO,CAMPANERO,-12.76165,-76.50015
LIMA,CAÑETE,IMPERIAL,IMPERIAL,-13.06104534,-76.3529276
LIMA,CAÑETE,IMPERIAL,SAN ISIDRO PEQUEÑO,-12.99765,-76.38199
LIMA,CAÑETE,IMPERIAL,ESTABLO SAN ISIDRO,-13.00114,-76.37597
LIMA,CAÑETE,IMPERIAL,DON AMBROSIO,-13.00115,-76.3579
LIMA,CAÑETE,IMPERIAL,SANTA MARIA,-13.00084,-76.36529
LIMA,CAÑETE,IMPERIAL,SAN ISIDRO,-13.00898807,-76.37907662
LIMA,CAÑETE,IMPERIAL,CANTAGALLO NUEVO,-12.99546,-76.38549
LIMA,CAÑETE,IMPERIAL,CANTAGALLO VIEJO (SAN JUAN CANTAGALLO),-13.01151,-76.4038
LIMA,CAÑETE,IMPERIAL,COMPRADORES BAJO,-13.02177,-76.38862
LIMA,CAÑETE,IMPERIAL,CASA PINTADA,-13.02982,-76.36264
LIMA,CAÑETE,IMPERIAL,CERRO ALEGRE,-13.03799,-76.35173
LIMA,CAÑETE,IMPERIAL,COOPERATIVA SAN BENITO,-13.04417,-76.3902
LIMA,CAÑETE,IMPERIAL,LAS LOMAS,-13.04092,-76.35932
LIMA,CAÑETE,IMPERIAL,HUACACHIVATO (VILLAREAL),-13.06761,-76.34008
LIMA,CAÑETE,IMPERIAL,SANTA BLICERIA,-13.07787,-76.32681
LIMA,CAÑETE,IMPERIAL,CONDE BAJO,-13.08659,-76.33986
LIMA,CAÑETE,IMPERIAL,COMPRADORES MEDIO,-13.01707,-76.38414
LIMA,CAÑETE,IMPERIAL,LA ALAMEDA,-13.042506,-76.35439
LIMA,CAÑETE,IMPERIAL,COMPRADORES ALTO,-13.01446,-76.37548
LIMA,CAÑETE,IMPERIAL,INVASION,-13.04582,-76.33364
LIMA,CAÑETE,IMPERIAL,SAN FELIPE,-13.052116,-76.341
LIMA,CAÑETE,IMPERIAL,VIRGEN DE LA CANDELARIA,-13.05532,-76.34172
LIMA,CAÑETE,IMPERIAL,BELEN,-13.05834,-76.33851
LIMA,CAÑETE,IMPERIAL,CERRO CUETE,-13.0475,-76.37268
LIMA,CAÑETE,IMPERIAL,SAN PEDRITO,-13.046023,-76.36511
LIMA,CAÑETE,IMPERIAL,SANTO DOMINGO,-13.047511,-76.36589
LIMA,CAÑETE,IMPERIAL,MAMA MARIANA,-13.05002,-76.37045
LIMA,CAÑETE,LUNAHUANA,LUNAHUANA,-12.96293971,-76.14000172
LIMA,CAÑETE,LUNAHUANA,NUEVO CHAVIN,-12.95136967,-76.13444745
LIMA,CAÑETE,LUNAHUANA,LANGLA,-12.98824,-76.15853
LIMA,CAÑETE,LUNAHUANA,SAN JERONIMO,-13.00442088,-76.16091049
LIMA,CAÑETE,LUNAHUANA,PAULLO,-13.01690437,-76.16964782
LIMA,CAÑETE,LUNAHUANA,SAN AGUSTIN,-13.01881971,-76.17243505
LIMA,CAÑETE,LUNAHUANA,EL ARCA,-13.02074,-76.17628
LIMA,CAÑETE,LUNAHUANA,COCHARCAS,-13.02231583,-76.17957686
LIMA,CAÑETE,LUNAHUANA,INCAHUASI,-13.02666596,-76.18447142
LIMA,CAÑETE,LUNAHUANA,CONCON,-13.09131545,-76.24106946
LIMA,CAÑETE,MALA,MALA,-12.65772164,-76.63230587
LIMA,CAÑETE,MALA,TUTUMO,-12.58378,-76.60764
LIMA,CAÑETE,MALA,SAN JOSE DEL MONTE,-12.60765,-76.61958
LIMA,CAÑETE,MALA,SAN JULIAN,-12.62129,-76.61955
LIMA,CAÑETE,MALA,SANTA CLORINDA,-12.6254,-76.62975
LIMA,CAÑETE,MALA,RINCONADA,-12.65025,-76.63418
LIMA,CAÑETE,MALA,ESCALA BAJA,-12.66291,-76.64999
LIMA,CAÑETE,MALA,SAN MARCOS DE LA AGUADA,-12.66674126,-76.62014925
LIMA,CAÑETE,MALA,PUENTE VIEJO,-12.66718,-76.64196
LIMA,CAÑETE,MALA,PUENTE REY,-12.67083,-76.63301
LIMA,CAÑETE,MALA,LUMBRERAS,-12.67022,-76.62578
LIMA,CAÑETE,MALA,CERRO COLORADO,-12.677,-76.62685
LIMA,CAÑETE,MALA,SALITRE,-12.67885,-76.65459
LIMA,CAÑETE,MALA,LOS PLATANALES (SANTA INES),-12.68453,-76.62588
LIMA,CAÑETE,MALA,SANTA ENRIQUETA,-12.68773,-76.62586
LIMA,CAÑETE,MALA,LAS TOTORITAS (BALNEARIO),-12.68338,-76.65417
LIMA,CAÑETE,MALA,SAN JUAN DE BARCELONA,-12.69115,-76.65091
LIMA,CAÑETE,MALA,TOTORAL,-12.69203,-76.63123
LIMA,CAÑETE,MALA,CERRO PIÑON,-12.6942,-76.62658
LIMA,CAÑETE,MALA,SANTO CRISTO,-12.69327,-76.63383
LIMA,CAÑETE,MALA,BUJAMA ALTA,-12.70854,-76.61981
LIMA,CAÑETE,MALA,BUJAMA BAJA,-12.71202,-76.6327
LIMA,CAÑETE,MALA,PAMPA DOLORES,-12.72488,-76.62163
LIMA,CAÑETE,MALA,CHOCALLA,-12.73103,-76.61463
LIMA,CAÑETE,MALA,ESCALA ALTA,-12.6635,-76.64057
LIMA,CAÑETE,MALA,SAN JOSE,-12.67815,-76.63176
LIMA,CAÑETE,MALA,SANTA ROSA HUARANGAL,-12.61356,-76.62039
LIMA,CAÑETE,MALA,KAWAI,-12.69019,-76.62303
LIMA,CAÑETE,MALA,VILLA TOTORITA,-12.73908,-76.61122
LIMA,CAÑETE,MALA,KAWAI - BUJAMA,-12.70108,-76.64224
LIMA,CAÑETE,MALA,BUJAMA - MORAVIA,-12.70932,-76.63726
LIMA,CAÑETE,MALA,BARCELONA ALTA - TAYOOK,-12.70626,-76.63966
LIMA,CAÑETE,MALA,YAPAN ATIC - PAMPA VINCHEZ,-12.67763,-76.61937
LIMA,CAÑETE,MALA,SANTA ROSITA,-12.69735441,-76.62243766
LIMA,CAÑETE,MALA,BARCELONA ALTA,-12.68865,-76.64441
LIMA,CAÑETE,MALA,EL PALMO,-12.71225,-76.61011
LIMA,CAÑETE,NUEVO IMPERIAL,NUEVO IMPERIAL,-13.07647991,-76.31752683
LIMA,CAÑETE,NUEVO IMPERIAL,LA RINCONADA DE CONTA,-12.99013333,-76.33687167
LIMA,CAÑETE,NUEVO IMPERIAL,BELLAVISTA DE CONTA,-12.99804,-76.33772
LIMA,CAÑETE,NUEVO IMPERIAL,SAN FERNANDO,-13.004655,-76.34145
LIMA,CAÑETE,NUEVO IMPERIAL,PUEBLO NUEVO DE CONTA ROMA,-13.01501,-76.33815
LIMA,CAÑETE,NUEVO IMPERIAL,CERRO CUETO,-13.02417,-76.3369
LIMA,CAÑETE,NUEVO IMPERIAL,CARMEN ALTO,-13.03267864,-76.3320788
LIMA,CAÑETE,NUEVO IMPERIAL,SANTA CLAUDIA,-13.04314,-76.32594
LIMA,CAÑETE,NUEVO IMPERIAL,CANTERA,-13.06293548,-76.30104506
LIMA,CAÑETE,NUEVO IMPERIAL,JOSEFINA,-13.06689,-76.32027
LIMA,CAÑETE,NUEVO IMPERIAL,CALTOPILLA,-13.07838227,-76.24370343
LIMA,CAÑETE,NUEVO IMPERIAL,LA ENCANADA DEL PORVENIR,-13.07966,-76.25399
LIMA,CAÑETE,NUEVO IMPERIAL,AUGUSTO BERNARDINO LEGUIA (EL DESIERTO),-13.0731,-76.28667
LIMA,CAÑETE,NUEVO IMPERIAL,VILLA LIDIA,-13.07472,-76.29626
LIMA,CAÑETE,NUEVO IMPERIAL,SANTA ADELA,-13.07067,-76.33122
LIMA,CAÑETE,NUEVO IMPERIAL,EL CONDE,-13.08216,-76.32784
LIMA,CAÑETE,NUEVO IMPERIAL,TUNEL GRANDE,-13.07954,-76.30719
LIMA,CAÑETE,NUEVO IMPERIAL,LA FLORIDA,-13.08522618,-76.28148853
LIMA,CAÑETE,NUEVO IMPERIAL,CERRO LIBRE,-13.08717,-76.31604
LIMA,CAÑETE,NUEVO IMPERIAL,SANTA MARIA ALTA,-13.09285206,-76.32270131
LIMA,CAÑETE,NUEVO IMPERIAL,CONDE CHICO,-13.09289048,-76.33562054
LIMA,CAÑETE,NUEVO IMPERIAL,EL POLVORIN,-13.07192667,-76.30949667
LIMA,CAÑETE,NUEVO IMPERIAL,PINTA,-13.08153037,-76.24996495
LIMA,CAÑETE,PACARAN,PACARAN,-12.8662,-76.0545
LIMA,CAÑETE,PACARAN,PUENTE,-12.86159,-76.0547
LIMA,CAÑETE,PACARAN,HUAGIL,-12.86576,-76.05106
LIMA,CAÑETE,PACARAN,SAN MARCOS,-12.86902,-76.05449
LIMA,CAÑETE,PACARAN,ROMANI,-12.87812167,-76.06854167
LIMA,CAÑETE,PACARAN,PATA,-12.86866,-76.06167667
LIMA,CAÑETE,QUILMANA,QUILMANA,-12.94952819,-76.38271175
LIMA,CAÑETE,QUILMANA,EL ROSARIO,-12.93907,-76.38662
LIMA,CAÑETE,QUILMANA,FRAY RAMON,-12.94115,-76.40176
LIMA,CAÑETE,QUILMANA,HUAMAN DE LOS HEROS,-12.95065,-76.39907
LIMA,CAÑETE,QUILMANA,SAN MARTIN,-12.95219,-76.38843
LIMA,CAÑETE,QUILMANA,LOS ANGELES,-12.95466348,-76.36893372
LIMA,CAÑETE,QUILMANA,BUENOS AIRES,-12.95514566,-76.34917454
LIMA,CAÑETE,QUILMANA,LA HUERTA (SANTA ELENA),-12.96604,-76.33606
LIMA,CAÑETE,QUILMANA,PUENTE NEGRO,-12.96789,-76.34873
LIMA,CAÑETE,QUILMANA,BUSTAMANTE,-12.97129,-76.35272
LIMA,CAÑETE,QUILMANA,SANTA TERESA,-12.975917,-76.35056
LIMA,CAÑETE,QUILMANA,SANTA MONICA,-12.96644,-76.3708
LIMA,CAÑETE,QUILMANA,SAN JOSE,-12.96334,-76.37673
LIMA,CAÑETE,QUILMANA,EL ALAMO,-12.963625,-76.38877667
LIMA,CAÑETE,QUILMANA,SANTA ROSA,-12.97036,-76.4191
LIMA,CAÑETE,QUILMANA,EL TIGRE,-12.97553,-76.40655
LIMA,CAÑETE,QUILMANA,CINCO ESQUINAS,-12.97226,-76.38381
LIMA,CAÑETE,QUILMANA,SAN JULIAN,-12.96882833,-76.37666667
LIMA,CAÑETE,QUILMANA,CORTIJO,-12.97053333,-76.37131833
LIMA,CAÑETE,QUILMANA,BANDURRIA,-12.98219833,-76.35585
LIMA,CAÑETE,QUILMANA,LA VICTORIA,-12.97955,-76.3857
LIMA,CAÑETE,QUILMANA,SAN PEDRO,-12.98604,-76.39365
LIMA,CAÑETE,QUILMANA,EL 25,-12.97452,-76.41166
LIMA,CAÑETE,QUILMANA,SANTA LUISA,-12.98366,-76.41363
LIMA,CAÑETE,QUILMANA,ANGOLA,-12.99153023,-76.42598779
LIMA,CAÑETE,QUILMANA,MIRAFLORES,-13.00786545,-76.42619547
LIMA,CAÑETE,QUILMANA,SANTA MATILDE,-12.98872,-76.39848
LIMA,CAÑETE,QUILMANA,SAN FRANCISCO GRANDE,-13.00659167,-76.40767667
LIMA,CAÑETE,QUILMANA,GRANADOS,-13.005,-76.40164
LIMA,CAÑETE,QUILMANA,ALTO QUILMANA,-12.95007,-76.39482
LIMA,CAÑETE,QUILMANA,HUERTA BAJA,-12.96595,-76.33634
LIMA,CAÑETE,QUILMANA,SAN VALENTIN,-12.9548,-76.36293
LIMA,CAÑETE,QUILMANA,REPARTICION,-12.9552,-76.37101
LIMA,CAÑETE,QUILMANA,VIA SOL,-12.99703,-76.41576
LIMA,CAÑETE,QUILMANA,TOTORA,-12.99727,-76.39099
LIMA,CAÑETE,SAN ANTONIO,SAN ANTONIO,-12.64372388,-76.6515428
LIMA,CAÑETE,SAN ANTONIO,LAS GRAMAS,-12.56703,-76.71587
LIMA,CAÑETE,SAN ANTONIO,MALIBU,-12.55703,-76.7145
LIMA,CAÑETE,SAN ANTONIO,CANARIAS-LAS LAGUNAS DE PUERTO VIEJO,-12.57273998,-76.70973999
LIMA,CAÑETE,SAN ANTONIO,TRES ISLAS,-12.57029,-76.7122
LIMA,CAÑETE,SAN ANTONIO,LAS LAGUNAS DE PUERTO VIEJO,-12.57506,-76.70812
LIMA,CAÑETE,SAN ANTONIO,PUERTO VIEJO,-12.57098333,-76.69625667
LIMA,CAÑETE,SAN ANTONIO,SAN ANDRES,-12.58479,-76.68304
LIMA,CAÑETE,SAN ANTONIO,LAS TERRAZAS DE SAN ANTONIO,-12.6066,-76.67296
LIMA,CAÑETE,SAN ANTONIO,CLUB DE REGATAS LIMA,-12.617895,-76.674135
LIMA,CAÑETE,SAN ANTONIO,CLUB BOCA LEON,-12.62098,-76.67753
LIMA,CAÑETE,SAN ANTONIO,EL BARRANCO,-12.6333,-76.64398
LIMA,CAÑETE,SAN ANTONIO,LA HUACA,-12.65135,-76.64914
LIMA,CAÑETE,SAN ANTONIO,ESQUIVILCA,-12.6535,-76.65046
LIMA,CAÑETE,SAN ANTONIO,EL MONTE,-12.6579,-76.65142
LIMA,CAÑETE,SAN ANTONIO,PUERTO NUEVO,-12.572736,-76.70973
LIMA,CAÑETE,SAN ANTONIO,CERRO LA VIRGEN,-12.63088,-76.67066
LIMA,CAÑETE,SAN ANTONIO,EL HUARANGAL,-12.64546,-76.64042
LIMA,CAÑETE,SAN ANTONIO,PUENTE SAN ANTONIO,-12.64867833,-76.64550667
LIMA,CAÑETE,SAN ANTONIO,LEON DORMIDO,-12.60822,-76.68105
LIMA,CAÑETE,SAN ANTONIO,COSTA DEL CAMPO,-12.6406,-76.64601
LIMA,CAÑETE,SAN ANTONIO,INMACULADA CONCEPCION,-12.63904,-76.64968
LIMA,CAÑETE,SAN LUIS,SAN LUIS,-13.05116186,-76.43054948
LIMA,CAÑETE,SAN LUIS,LAGUNA ENCANTADA,-13.03594871,-76.42937152
LIMA,CAÑETE,SAN LUIS,CERRO DE ORO,-13.04385,-76.43472
LIMA,CAÑETE,SAN LUIS,LAURA CALLER (CASA BLANCA),-13.04276,-76.42459
LIMA,CAÑETE,SAN LUIS,LA QUEBRADA,-13.03953,-76.39462
LIMA,CAÑETE,SAN LUIS,LA HUACA,-13.04938,-76.40883
LIMA,CAÑETE,SAN LUIS,DON OSCAR,-13.05615,-76.46247
LIMA,CAÑETE,SAN LUIS,BELLA VISTA,-13.05942,-76.46002
LIMA,CAÑETE,SAN LUIS,SAN JUAN DE ARONA,-13.060335,-76.40838
LIMA,CAÑETE,SAN LUIS,LOS OLIVOS,-13.05780833,-76.39944833
LIMA,CAÑETE,SAN LUIS,SAN PEDRO,-13.06408,-76.44166
LIMA,CAÑETE,SAN LUIS,SANTA BARBARA,-13.06565123,-76.45191747
LIMA,CAÑETE,SAN LUIS,LAS PALMAS (LOS HUACONES),-13.07282,-76.4498
LIMA,CAÑETE,SAN LUIS,SANTA CRUZ,-13.07801449,-76.44258376
LIMA,CAÑETE,SAN LUIS,ENTRADA LA LAGUNA,-13.02537,-76.43207
LIMA,CAÑETE,SAN LUIS,SANTA ROSA,-13.01541,-76.42698
LIMA,CAÑETE,SAN LUIS,SECTOR MEDIA LUNA,-13.024,-76.41752
LIMA,CAÑETE,SAN LUIS,VILLA TINKA,-13.03466,-76.43074
LIMA,CAÑETE,SAN LUIS,TROCHA,-13.03804,-76.42835
LIMA,CAÑETE,SAN LUIS,LAS VEAS,-13.020175,-76.41435
LIMA,CAÑETE,SAN LUIS,CHARIA,-13.02037337,-76.41174798
LIMA,CAÑETE,SAN LUIS,PAMPA REY,-13.02018,-76.41146
LIMA,CAÑETE,SAN LUIS,CERRO CALAVERA,-13.02708333,-76.402805
LIMA,CAÑETE,SAN LUIS,VISTA ALEGRE,-13.028945,-76.40216167
LIMA,CAÑETE,SAN LUIS,SEGUNDA HUACA,-13.02982333,-76.40121833
LIMA,CAÑETE,SAN LUIS,SAN ROQUE,-13.06594,-76.41469
LIMA,CAÑETE,SAN LUIS,DON ALFONSO,-13.05825513,-76.4246213
LIMA,CAÑETE,SAN LUIS,EL MOLINO,-13.0578,-76.43145
LIMA,CAÑETE,SAN LUIS,LA PRIMERA HUACA,-13.03146,-76.40049
LIMA,CAÑETE,SAN LUIS,SAN HIPOLITO,-13.06289,-76.41626
LIMA,CAÑETE,SAN LUIS,DIVIDIDO(EL PLATANAL),-13.04369,-76.44004
LIMA,CAÑETE,SAN LUIS,TAMBO QUEMADO,-13.07058,-76.41138
LIMA,CAÑETE,SAN LUIS,DON LUIS,-13.06431,-76.42557
LIMA,CAÑETE,SAN LUIS,EL OLIVAR,-13.0465,-76.44207
LIMA,CAÑETE,SANTA CRUZ DE FLORES,SANTA CRUZ DE FLORES,-12.61954312,-76.64159461
LIMA,CAÑETE,SANTA CRUZ DE FLORES,SANTA ELENA,-12.57399,-76.68916
LIMA,CAÑETE,SANTA CRUZ DE FLORES,SAN ANDRES,-12.58519,-76.66766
LIMA,CAÑETE,SANTA CRUZ DE FLORES,LAS CALIZAS,-12.59601,-76.64538
LIMA,CAÑETE,SANTA CRUZ DE FLORES,SAN JOSE,-12.5849,-76.65633
LIMA,CAÑETE,SANTA CRUZ DE FLORES,TRES CRUCES,-12.58268,-76.61871
LIMA,CAÑETE,SANTA CRUZ DE FLORES,SAN VICENTE DE ASPITIA,-12.59256,-76.62231
LIMA,CAÑETE,SANTA CRUZ DE FLORES,BELLAVISTA,-12.6107,-76.63909
LIMA,CAÑETE,SANTA CRUZ DE FLORES,NUEVO SANTA CRUZ DE FLORES,-12.60817,-76.64292
LIMA,CAÑETE,SANTA CRUZ DE FLORES,LOS JARDINES DEL SR. DE LUREN,-12.60856,-76.65534
LIMA,CAÑETE,SANTA CRUZ DE FLORES,BIENVENIDOS,-12.62042,-76.63692
LIMA,CAÑETE,SANTA CRUZ DE FLORES,NUEVO SAN ANDRES,-12.59226,-76.66097
LIMA,CAÑETE,SANTA CRUZ DE FLORES,EL BARRANCO,-12.62551,-76.64097
LIMA,CAÑETE,SANTA CRUZ DE FLORES,OASIS DE SAN ANDRES,-12.58355,-76.67097
LIMA,CAÑETE,SANTA CRUZ DE FLORES,PARCELEROS AGRICOLAS DE NUEVO SAN ANDRES,-12.60366,-76.66001
LIMA,CAÑETE,SANTA CRUZ DE FLORES,ALTO AZPITIA,-12.57345,-76.61426
LIMA,CAÑETE,ZUÑIGA,APOTARA,-12.85848,-76.04251
LIMA,CAÑETE,ZUÑIGA,HUAGIL,-12.86262384,-76.03615534
LIMA,CAÑETE,ZUÑIGA,SAN MARCOS,-12.85847918,-76.05012449
LIMA,HUARAL,HUARAL,HUARAL,-11.4953702,-77.20682103
LIMA,HUARAL,HUARAL,CENTENARIO HUACHO CHICO,-11.42524439,-77.26086721
LIMA,HUARAL,HUARAL,ESPERANZA CENTRAL,-11.43863789,-77.22274931
LIMA,HUARAL,HUARAL,LA FLORIDA,-11.42859929,-77.1862302
LIMA,HUARAL,HUARAL,CABUYAL,-11.449,-77.21639
LIMA,HUARAL,HUARAL,GRANADOS,-11.45009,-77.25498
LIMA,HUARAL,HUARAL,FUKUDA,-11.43541638,-77.23220435
LIMA,HUARAL,HUARAL,TUPAC AMARU,-11.45007032,-77.26800653
LIMA,HUARAL,HUARAL,ESPERANZA BAJA,-11.43681661,-77.22492982
LIMA,HUARAL,HUARAL,CERRO CENIZO,-11.45905,-77.25982
LIMA,HUARAL,HUARAL,JECUAN,-11.47136028,-77.27107895
LIMA,HUARAL,HUARAL,LA VICTORIA,-11.48759,-77.26952
LIMA,HUARAL,HUARAL,CHACRA GRANDE (SANTA ROSA),-11.48189,-77.23135
LIMA,HUARAL,HUARAL,LA QUINCHA,-11.46891247,-77.24613981
LIMA,HUARAL,HUARAL,RETES,-11.47555899,-77.23006018
LIMA,HUARAL,HUARAL,MONTERRICO,-11.44160442,-77.22343076
LIMA,HUARAL,HUARAL,SAN ISIDRO,-11.46933,-77.21099
LIMA,HUARAL,HUARAL,CERRO PRIETO,-11.46802,-77.19446
LIMA,HUARAL,HUARAL,LA VIRGEN,-11.45529,-77.16947
LIMA,HUARAL,HUARAL,ESPERANZA ALTA (LA VIRGEN),-11.45986,-77.18334
LIMA,HUARAL,HUARAL,ANDOMAS,-11.47947,-77.18917
LIMA,HUARAL,HUARAL,GARCIA ALONZO,-11.478349,-77.19008
LIMA,HUARAL,HUARAL,SAN MARTIN DE PORRES,-11.49345797,-77.22321757
LIMA,HUARAL,HUARAL,ESQUIVEL,-11.50035,-77.22652
LIMA,HUARAL,HUARAL,PUQUIO,-11.51324,-77.23974
LIMA,HUARAL,HUARAL,SORPRESA,-11.50960731,-77.22564314
LIMA,HUARAL,HUARAL,DONOSO,-11.51733,-77.21696
LIMA,HUARAL,HUARAL,SANTA ELENA,-11.55253245,-77.20519128
LIMA,HUARAL,HUARAL,LA HUACA,-11.52779867,-77.1981589
LIMA,HUARAL,HUARAL,CONTIGO PERU,-11.53345,-77.20767
LIMA,HUARAL,HUARAL,EL ANGEL MACATON,-11.52912,-77.21083
LIMA,HUARAL,HUARAL,LA VEGA,-11.52626,-77.20479
LIMA,HUARAL,HUARAL,LOS POZOS,-11.520294,-77.2053
LIMA,HUARAL,HUARAL,CAMPO GRANDE,-11.49760009,-77.18633712
LIMA,HUARAL,HUARAL,TRONCONAL,-11.48543,-77.15769
LIMA,HUARAL,HUARAL,PUEBLO LIBRE,-11.47532,-77.14286
LIMA,HUARAL,HUARAL,EL TRES (HUAYAN CHICO),-11.46429469,-77.13869962
LIMA,HUARAL,HUARAL,HUAYAN,-11.4517553,-77.12349955
LIMA,HUARAL,HUARAL,CUYO,-11.41239873,-77.071269
LIMA,HUARAL,HUARAL,CERRO CONO,-11.43714604,-77.2349804
LIMA,HUARAL,HUARAL,MARGARET,-11.42724651,-77.18324976
LIMA,HUARAL,HUARAL,LA SOLEDAD,-11.43113923,-77.17571261
LIMA,HUARAL,HUARAL,SAN MARTIN,-11.45297,-77.21234
LIMA,HUARAL,HUARAL,LAS CASUARINAS,-11.4676,-77.22324
LIMA,HUARAL,HUARAL,LAS DELICIAS,-11.4819,-77.23133
LIMA,HUARAL,HUARAL,NUEVA ESPERANZA,-11.52582371,-77.19018112
LIMA,HUARAL,HUARAL,EL TREBOL,-11.49678249,-77.23701271
LIMA,HUARAL,HUARAL,JESUS DEL VALLE,-11.51393337,-77.2054451
LIMA,HUARAL,HUARAL,LA HUACA I,-11.52425,-77.19441
LIMA,HUARAL,HUARAL,SAN FRANCISCO,-11.48324,-77.18524
LIMA,HUARAL,HUARAL,SAN ANTONIO,-11.4844,-77.16198
LIMA,HUARAL,HUARAL,SAN LUIS,-11.48678,-77.18479
LIMA,HUARAL,HUARAL,SANTA ROSA,-11.46466,-77.26239
LIMA,HUARAL,HUARAL,CABUYAL BAJO (SECCION GRANADOS),-11.45068377,-77.22184611
LIMA,HUARAL,HUARAL,EL PROGRESO (CABUYAL),-11.4473397,-77.21893969
LIMA,HUARAL,AUCALLAMA,AUCALLAMA,-11.55921151,-77.17962242
LIMA,HUARAL,AUCALLAMA,PISQUILLO,-11.47671,-77.1058
LIMA,HUARAL,AUCALLAMA,MATUCANA,-11.48179106,-77.11897346
LIMA,HUARAL,AUCALLAMA,SAN JOSE DE LA AGUADA,-11.484,-77.12706
LIMA,HUARAL,AUCALLAMA,PALPA,-11.48802,-77.12073
LIMA,HUARAL,AUCALLAMA,PAMPA HERMOSA,-11.51398,-77.14402
LIMA,HUARAL,AUCALLAMA,EL OLIVAR,-11.52043,-77.1704
LIMA,HUARAL,AUCALLAMA,MIRAFLORES,-11.53036,-77.17202
LIMA,HUARAL,AUCALLAMA,SEÑOR DE LOS MILAGROS,-11.53466,-77.17648
LIMA,HUARAL,AUCALLAMA,EL RINCON,-11.54481667,-77.17488833
LIMA,HUARAL,AUCALLAMA,TAMBILLO,-11.53642333,-77.18574667
LIMA,HUARAL,AUCALLAMA,SAN JOSE,-11.54451,-77.18356
LIMA,HUARAL,AUCALLAMA,SAN JOSE BAJO,-11.546755,-77.187315
LIMA,HUARAL,AUCALLAMA,SAN LUIS,-11.55281,-77.19371
LIMA,HUARAL,AUCALLAMA,BOZA ALTA,-11.57677,-77.20254
LIMA,HUARAL,AUCALLAMA,CASA BLANCA,-11.57414167,-77.18039333
LIMA,HUARAL,AUCALLAMA,SAN GRACIANO,-11.574253,-77.16951
LIMA,HUARAL,AUCALLAMA,GRAMADAL,-11.5849,-77.18124
LIMA,HUARAL,AUCALLAMA,BUENA VISTA,-11.57909,-77.19751
LIMA,HUARAL,AUCALLAMA,BOZA,-11.58366394,-77.20432801
LIMA,HUARAL,AUCALLAMA,BOZA BAJA,-11.59078667,-77.20311833
LIMA,HUARAL,AUCALLAMA,LA CANDELARIA,-11.59448431,-77.20338533
LIMA,HUARAL,AUCALLAMA,GRAMADALES BAJO,-11.60699966,-77.20661249
LIMA,HUARAL,AUCALLAMA,PASAMAYO,-11.60663,-77.21791
LIMA,HUARAL,AUCALLAMA,VIRGEN DEL CARMEN,-11.61412,-77.23112
LIMA,HUARAL,AUCALLAMA,CHACRA Y MAR,-11.63861,-77.21624
LIMA,HUARAL,AUCALLAMA,SALAS,-11.58097,-77.19708
LIMA,HUARAL,AUCALLAMA,SALINITAS,-11.60635,-77.20854
LIMA,HUARAL,AUCALLAMA,SAN AGUSTIN,-11.603788,-77.19452
LIMA,HUARAL,AUCALLAMA,PASAMAYO ALTO,-11.60025,-77.2122
LIMA,HUARAL,AUCALLAMA,SANTA ROSA,-11.61852549,-77.21564628
LIMA,HUARAL,AUCALLAMA,HUARANGAL,-11.60851,-77.23141
LIMA,HUARAL,AUCALLAMA,MANGLAR,-11.61065,-77.23748
LIMA,HUARAL,AUCALLAMA,SIFON,-11.61265,-77.23373
LIMA,HUARAL,AUCALLAMA,CONTROL,-11.61510167,-77.23702833
LIMA,HUARAL,AUCALLAMA,VISTA ALEGRE,-11.62351349,-77.21757816
LIMA,HUARAL,AUCALLAMA,LA CASETA,-11.62073,-77.22124
LIMA,HUARAL,AUCALLAMA,VILLA DEL MAR,-11.63173,-77.2196
LIMA,HUARAL,AUCALLAMA,CAMPAMENTO,-11.60424,-77.20061
LIMA,HUARAL,AUCALLAMA,MONTE CHICO,-11.56405667,-77.19579833
LIMA,HUARAL,AUCALLAMA,MONTE GRANDE,-11.55911,-77.1885
LIMA,HUARAL,AUCALLAMA,SAN JOSE ALTO,-11.54923,-77.18161
LIMA,HUARAL,AUCALLAMA,HIERBA BUENA ALTA,-11.57105,-77.18947
LIMA,HUARAL,AUCALLAMA,HIERBA BUENA BAJA,-11.56259,-77.19622
LIMA,HUARAL,AUCALLAMA,MIRAFLORES NORTE,-11.53026833,-77.18267667
LIMA,HUARAL,AUCALLAMA,PANCHALA HUACA,-11.50665,-77.16871
LIMA,HUARAL,AUCALLAMA,BUENA VISTA ALTA,-11.58427,-77.18992
LIMA,HUARAL,AUCALLAMA,BUENA VISTA BAJA,-11.59034,-77.18985
LIMA,HUARAL,AUCALLAMA,GRAMADALES,-11.59187,-77.18165
LIMA,HUARAL,AUCALLAMA,NUEVA ESPERANZA,-11.61848,-77.22385
LIMA,HUARAL,AUCALLAMA,VIRGEN DE FATIMA,-11.61667,-77.23086
LIMA,HUARAL,AUCALLAMA,LOTIZADORA ACUÑA,-11.61578,-77.23086
LIMA,HUARAL,AUCALLAMA,LAS PALMERAS,-11.62499,-77.2312
LIMA,HUARAL,CHANCAY,CHANCAY,-11.5629454,-77.27052061
LIMA,HUARAL,CHANCAY,EL HATILLO,-11.4489,-77.34495
LIMA,HUARAL,CHANCAY,CHANCAYLLO,-11.48778,-77.30364
LIMA,HUARAL,CHANCAY,PAMPA LIBRE,-11.50130027,-77.29462969
LIMA,HUARAL,CHANCAY,NUEVA ESTRELLA,-11.5055,-77.25562
LIMA,HUARAL,CHANCAY,CERRO LA CULEBRA,-11.51148534,-77.25381077
LIMA,HUARAL,CHANCAY,LOS LAURELES DEL NORTE,-11.52293,-77.2824
LIMA,HUARAL,CHANCAY,LA CALERA,-11.5332,-77.28628
LIMA,HUARAL,CHANCAY,QUEPE PAMPA,-11.52811,-77.24921
LIMA,HUARAL,CHANCAY,MOLINO HOSPITAL,-11.536085,-77.2411
LIMA,HUARAL,CHANCAY,LOS TILOS,-11.54485,-77.26551
LIMA,HUARAL,CHANCAY,LOS LAURELES SUR,-11.53551901,-77.27920463
LIMA,HUARAL,CHANCAY,TORRE BLANCA,-11.53895487,-77.25786455
LIMA,HUARAL,CHANCAY,28 DE JULIO,-11.54145092,-77.25126254
LIMA,HUARAL,CHANCAY,LUNAVILCA,-11.58773167,-77.22382333
LIMA,HUARAL,CHANCAY,SAN CAYETANO,-11.47096,-77.29913
LIMA,HUARAL,CHANCAY,PROVIDENCIA,-11.48619,-77.29596
LIMA,HUARAL,CHANCAY,4 DE JUNIO,-11.47616,-77.30888
LIMA,HUARAL,CHANCAY,ESTRELLA DE LA MAÑANA,-11.49052,-77.29511
LIMA,HUARAL,CHANCAY,LA CALICHERA,-11.53424,-77.29164
LIMA,HUARAL,CHANCAY,BUENA VISTA BAJA,-11.54998333,-77.26211167
LIMA,HUARAL,CHANCAY,PAMPA EL INCA,-11.55102,-77.24037
LIMA,HUARAL,CHANCAY,LAS VIÑAS,-11.53941,-77.28194
LIMA,HUARAL,CHANCAY,PAMPAS LOS HUACOS,-11.51796964,-77.28289099
LIMA,HUARAL,CHANCAY,EX HACIENDA CHANCAYLLO,-11.48072326,-77.30936443
LIMA,HUARAL,CHANCAY,SAN JOSE,-11.48285,-77.30989
LIMA,HUARAL,CHANCAY,LOS LAURELES,-11.49898143,-77.32076827
LIMA,HUARAL,CHANCAY,SAN PEDRO,-11.491923,-77.31857
LIMA,HUARAL,CHANCAY,LOS ALAMOS,-11.49162722,-77.31843116
LIMA,HUARAL,CHANCAY,LIMONCILLO,-11.4845,-77.29877
LIMA,HUARAL,CHANCAY,CANDELARIA,-11.49447,-77.29836
LIMA,HUARAL,CHANCAY,LAS SALINAS,-11.60198,-77.2465
LIMA,HUAROCHIRI,MATUCANA,MATUCANA,-11.84471061,-76.38607883
LIMA,HUAROCHIRI,MATUCANA,SAN JUAN DE ALLAUCA,-11.82174333,-76.38239833
LIMA,HUAROCHIRI,MATUCANA,ALCACOCHA,-11.82797,-76.38166
LIMA,HUAROCHIRI,MATUCANA,CHICHI,-11.83081,-76.38033
LIMA,HUAROCHIRI,MATUCANA,CARACANCHA,-11.85057,-76.40998
LIMA,HUAROCHIRI,MATUCANA,COMUNPATA,-11.85966,-76.42297
LIMA,HUAROCHIRI,MATUCANA,CHALLAPE,-11.86094,-76.41551
LIMA,HUAROCHIRI,MATUCANA,HUARIQUIÑA,-11.85655,-76.40511
LIMA,HUAROCHIRI,MATUCANA,MONTERRICO,-11.85209,-76.40242
LIMA,HUAROCHIRI,MATUCANA,MOYOC,-11.85288,-76.40279
LIMA,HUAROCHIRI,MATUCANA,PUERTO NUEVO,-11.85268,-76.39687
LIMA,HUAROCHIRI,MATUCANA,CACACHAQUI,-11.83422,-76.37483
LIMA,HUAROCHIRI,MATUCANA,LLICAN,-11.82336,-76.36385
LIMA,HUAROCHIRI,MATUCANA,CHACAHUARO,-11.81532,-76.35687
LIMA,HUAROCHIRI,MATUCANA,EDUARDO DE HABICH,-11.86396,-76.4235
LIMA,HUAROCHIRI,CALLAHUANCA,CALLAHUANCA,-11.82643726,-76.61885783
LIMA,HUAROCHIRI,CHICLA,CARMEN,-11.66548,-76.2264
LIMA,HUAROCHIRI,CHICLA,CASAPALCA,-11.65113,-76.23804
LIMA,HUAROCHIRI,CHICLA,CARANACUNCA,-11.66990694,-76.25639933
LIMA,HUAROCHIRI,CHICLA,YAULIYACU,-11.68636862,-76.26000715
LIMA,HUAROCHIRI,CHICLA,LOS PINOS (CALZADA),-11.69566664,-76.26584705
LIMA,HUAROCHIRI,HUACHUPAMPA,VICAS,-11.71193,-76.60158
LIMA,HUAROCHIRI,LARAOS,CAPILLAYOC,-11.45915998,-76.48781999
LIMA,HUAROCHIRI,RICARDO PALMA,RICARDO PALMA,-11.9235937,-76.66497321
LIMA,HUAROCHIRI,RICARDO PALMA,CUPICHE (SOL DE CUPICHE),-11.91507718,-76.61357539
LIMA,HUAROCHIRI,RICARDO PALMA,NUEVO CUPICHE (SAN JUAN DE CUPICHE),-11.91439455,-76.61063414
LIMA,HUAROCHIRI,RICARDO PALMA,CUARENTAIDOS Y MEDIO (LA PASCANA),-11.92315,-76.63097
LIMA,HUAROCHIRI,RICARDO PALMA,SUSANA PARODI,-11.92360935,-76.63341011
LIMA,HUAROCHIRI,SAN ANTONIO,JICAMARCA ANEXO 21,-11.87989,-76.95344
LIMA,HUAROCHIRI,SAN ANTONIO,JICAMARCA ANEXO 24,-11.911436,-76.94804
LIMA,HUAROCHIRI,SAN BARTOLOME,SAN BARTOLOME,-11.91103,-76.52912
LIMA,HUAROCHIRI,SAN BARTOLOME,ESPERANZA,-11.90106,-76.5044
LIMA,HUAROCHIRI,SAN BARTOLOME,TORNAMEZA,-11.90569667,-76.52303833
LIMA,HUAROCHIRI,SAN BARTOLOME,RUPIA,-11.90557649,-76.52511951
LIMA,HUAROCHIRI,SAN BARTOLOME,SHIHUACOTO,-11.907692,-76.52996
LIMA,HUAROCHIRI,SAN BARTOLOME,TINTOSA,-11.90246,-76.52938
LIMA,HUAROCHIRI,SAN BARTOLOME,HUALLAY,-11.91096,-76.52586
LIMA,HUAROCHIRI,SAN BARTOLOME,COSACALLA,-11.90485,-76.51748
LIMA,HUAROCHIRI,SAN BARTOLOME,CHACRA CHACRA,-11.90262,-76.50921
LIMA,HUAROCHIRI,SAN BARTOLOME,LLUJULLUAIQUE,-11.90616,-76.49234
LIMA,HUAROCHIRI,SAN BARTOLOME,CASATEJA,-11.91542,-76.52871
LIMA,HUAROCHIRI,SAN BARTOLOME,PACAE,-11.91842,-76.52378
LIMA,HUAROCHIRI,SAN BARTOLOME,RINCON,-11.91718,-76.52149
LIMA,HUAROCHIRI,SAN BARTOLOME,LA BANDA,-11.91496,-76.52495
LIMA,HUAROCHIRI,SAN BARTOLOME,SHUNGA,-11.92238,-76.51575
LIMA,HUAROCHIRI,SAN BARTOLOME,MALAFACHA,-11.91835,-76.5218
LIMA,HUAROCHIRI,SAN MATEO,SAN MATEO,-11.75861619,-76.30001771
LIMA,HUAROCHIRI,SAN MATEO,WARIPAMPA,-11.75337,-76.29376
LIMA,HUAROCHIRI,SAN MATEO,MATIPARADA,-11.74929,-76.29837
LIMA,HUAROCHIRI,SAN MATEO,AYAR ALTO,-11.76708,-76.30396
LIMA,HUAROCHIRI,SAN MATEO,AYAR BAJO,-11.77334,-76.30631
LIMA,HUAROCHIRI,SAN MATEO,TAMBORAQUE,-11.78058,-76.3069
LIMA,HUAROCHIRI,SAN MATEO,PORTILLO,-11.77238,-76.30067
LIMA,HUAROCHIRI,SAN MATEO,MAYOC,-11.76854,-76.30623
LIMA,HUAROCHIRI,SAN PEDRO DE CASTA,SAN PEDRO DE CASTA,-11.75897029,-76.59629098
LIMA,HUAROCHIRI,SAN PEDRO DE CASTA,SAN JUAN DE MAYHUAY,-11.79379,-76.60836
LIMA,HUAROCHIRI,SANTA CRUZ DE COCACHACRA,COCACHACRA,-11.91155157,-76.53949721
LIMA,HUAROCHIRI,SANTA CRUZ DE COCACHACRA,OSCOLLA,-11.90464,-76.53367
LIMA,HUAROCHIRI,SANTA CRUZ DE COCACHACRA,MASIPA,-11.91927,-76.54281
LIMA,HUAROCHIRI,SANTA CRUZ DE COCACHACRA,YANAMAQUI,-11.91527,-76.55202
LIMA,HUAROCHIRI,SANTA CRUZ DE COCACHACRA,LUCUMO,-11.91921,-76.55464
LIMA,HUAROCHIRI,SANTA CRUZ DE COCACHACRA,CARACHACRA,-11.91811,-76.56337
LIMA,HUAROCHIRI,SANTA CRUZ DE COCACHACRA,CORCONA,-11.91072233,-76.58171011
LIMA,HUAROCHIRI,SANTA EULALIA,SANTA EULALIA,-11.90155372,-76.66396471
LIMA,HUAROCHIRI,SANTA EULALIA,SANTA ROSA DE CHUNE,-11.88342,-76.65088
LIMA,HUAROCHIRI,SANTA EULALIA,PARCA (SANTA CRUZ DE PARCA ALTA),-11.88023,-76.64757
LIMA,HUAROCHIRI,SANTA EULALIA,HUAYORINGA BAJA,-11.922395,-76.6328
LIMA,HUAROCHIRI,SANTA EULALIA,HUACHINGA,-11.92020667,-76.62419
LIMA,HUAROCHIRI,SANTA EULALIA,CUSPANCA,-11.88487,-76.65135
LIMA,HUAROCHIRI,SANTA EULALIA,PARCA BAJA,-11.88730523,-76.64935236
LIMA,HUAROCHIRI,SANTO DOMINGO DE LOS OLLEROS,VILLA JARDIN CUCUYA,-12.22221,-76.84232
LIMA,HUAROCHIRI,SURCO,SURCO,-11.8839,-76.44028
LIMA,HUAROCHIRI,SURCO,EDUARDO DE HABICH,-11.86442,-76.424
LIMA,HUAROCHIRI,SURCO,HUYOPAMPA,-11.87618,-76.42711
LIMA,HUAROCHIRI,SURCO,TAMBO,-11.87981167,-76.47161
LIMA,HUAROCHIRI,SURCO,SONGOS,-11.881785,-76.46802667
LIMA,HUAROCHIRI,SURCO,ELECTROSUR,-11.88615,-76.45568
LIMA,HUAROCHIRI,SURCO,HEPSA,-11.88779,-76.45075167
LIMA,HUAROCHIRI,SURCO,SANTA ROSA DE PUCSHAMA,-11.888,-76.45008
LIMA,HUAROCHIRI,SURCO,HUARANGO,-11.88794,-76.45553
LIMA,HUAROCHIRI,SURCO,CHUQUIPAMPA,-11.8896,-76.42774
LIMA,HUAROCHIRI,SURCO,ACOPAMPA,-11.88949833,-76.44421167
LIMA,HUAROCHIRI,SURCO,LAYA,-11.88703,-76.44206
LIMA,HUAROCHIRI,SURCO,CHAPO,-11.8998,-76.44793
LIMA,HUAROCHIRI,SURCO,HUIQUE,-11.8893,-76.45144
LIMA,HUAROCHIRI,SURCO,CARRETERA CENTRAL,-11.88259,-76.43704
LIMA,HUAROCHIRI,SURCO,CHACRALTA,-11.89141,-76.4425
LIMA,HUAURA,HUACHO,HUACHO,-11.10853427,-77.61036817
LIMA,HUAURA,HUACHO,HORNILLOS,-11.13936,-77.60443
LIMA,HUAURA,HUACHO,PARAISO,-11.18896,-77.57078
LIMA,HUAURA,HUACHO,LA YESERA,-11.28066,-77.58131
LIMA,HUAURA,HUACHO,LA SALINAS,-11.29535581,-77.57540206
LIMA,HUAURA,HUACHO,SANTA ANITA,-11.36151,-77.40171
LIMA,HUAURA,HUACHO,RIO SECO,-11.41552,-77.37291
LIMA,HUAURA,HUACHO,PAMPA COLORADA,-11.1306,-77.53718
LIMA,HUAURA,HUACHO,PLAYA CHICA,-11.19213,-77.58854
LIMA,HUAURA,HUACHO,PAMPA LLANOS,-11.3977,-77.42676
LIMA,HUAURA,HUACHO,LOS TRIGALES,-11.30907,-77.44942
LIMA,HUAURA,HUACHO,ROCIO,-11.34607,-77.46261
LIMA,HUAURA,HUACHO,PAMPA VINAGRILLO,-11.37604,-77.44034
LIMA,HUAURA,HUACHO,ANDREA,-11.38439,-77.43514
LIMA,HUAURA,HUACHO,SANTA VICTORIA,-11.40225,-77.42247
LIMA,HUAURA,HUACHO,PAMPA CENIZAL,-11.38283,-77.39498
LIMA,HUAURA,HUACHO,SAN AGUSTIN,-11.37037,-77.44479
LIMA,HUAURA,HUACHO,DANIELA,-11.35575,-77.45556
LIMA,HUAURA,CALETA DE CARQUIN,CALETA DE CARQUIN,-11.09182455,-77.62832081
LIMA,HUAURA,CALETA DE CARQUIN,CARQUIN BAJO,-11.08665,-77.61597
LIMA,HUAURA,HUALMAY,HUALMAY,-11.09672408,-77.61290602
LIMA,HUAURA,HUALMAY,BIENESTAR,-11.08932,-77.60617
LIMA,HUAURA,HUALMAY,CARRIZAL,-11.08077,-77.60051
LIMA,HUAURA,HUALMAY,CARQUIN CHICO,-11.07971426,-77.60410588
LIMA,HUAURA,HUAURA,HUAURA,-11.0700821,-77.59933978
LIMA,HUAURA,HUAURA,PAMPA DE RONTOY,-11.03567693,-77.5510649
LIMA,HUAURA,HUAURA,RONTOY,-11.04524478,-77.57048385
LIMA,HUAURA,HUAURA,CASA VIEJA,-11.035553,-77.59019
LIMA,HUAURA,HUAURA,EL SOL,-11.04426,-77.59159
LIMA,HUAURA,HUAURA,CANTA GALLO,-11.042096,-77.59937
LIMA,HUAURA,HUAURA,SAN ANTONIO,-11.04339,-77.59682
LIMA,HUAURA,HUAURA,CENTINELA SUR,-11.06937,-77.61916
LIMA,HUAURA,HUAURA,SANTA ROSA,-11.06272,-77.62342
LIMA,HUAURA,HUAURA,3 DE MAYO,-11.06444,-77.61969
LIMA,HUAURA,HUAURA,DESAGRAVIO,-11.05909,-77.56263
LIMA,HUAURA,HUAURA,ACARAY,-11.05275,-77.54834
LIMA,HUAURA,HUAURA,BUENOS AIRES,-11.0625,-77.5526
LIMA,HUAURA,HUAURA,ALCANTARILLA,-11.06519,-77.54021
LIMA,HUAURA,HUAURA,BALCONCILLO,-11.07084591,-77.51569662
LIMA,HUAURA,HUAURA,VILCAHUAURA,-11.0723,-77.47493
LIMA,HUAURA,HUAURA,SANTA TERESA BAJA,-11.086579,-77.45869
LIMA,HUAURA,HUAURA,SARAPE,-11.10034,-77.4332
LIMA,HUAURA,HUAURA,LORETO,-11.08311313,-77.41521464
LIMA,HUAURA,HUAURA,HUMAYA,-11.09623645,-77.40917106
LIMA,HUAURA,HUAURA,SANTA EUSEBIA,-11.10056911,-77.38962128
LIMA,HUAURA,HUAURA,LA SOLEDAD,-11.10555,-77.40224
LIMA,HUAURA,HUAURA,SAN ISIDRO,-11.10315,-77.3796
LIMA,HUAURA,HUAURA,LA BALANZA,-11.041171,-77.60324
LIMA,HUAURA,HUAURA,PAMPA DEL CURA,-11.05876276,-77.61297658
LIMA,HUAURA,HUAURA,VIÑA DEL MAR,-11.076397,-77.6129
LIMA,HUAURA,HUAURA,SANTA TERESA ALTA,-11.08263873,-77.46682011
LIMA,HUAURA,HUAURA,LA CORUÑA,-11.0896074,-77.4624426
LIMA,HUAURA,HUAURA,SAN GUILLERMO,-11.08194,-77.49777
LIMA,HUAURA,SANTA MARIA,CRUZ BLANCA,-11.08632981,-77.58704245
LIMA,HUAURA,SANTA MARIA,CERRO SEJETUTO,-11.07354,-77.58521
LIMA,HUAURA,SANTA MARIA,HUAYABAL,-11.07625,-77.56142
LIMA,HUAURA,SANTA MARIA,JOPTO,-11.07896,-77.55639
LIMA,HUAURA,SANTA MARIA,VIRGEN DEL CARMEN,-11.09973,-77.57035
LIMA,HUAURA,SANTA MARIA,LA COLMENA,-11.10583,-77.56896
LIMA,HUAURA,SANTA MARIA,EL SOLITARIO,-11.18200502,-77.53350073
LIMA,HUAURA,SANTA MARIA,PAMPA COLORADA,-11.10509,-77.5365
LIMA,HUAURA,SANTA MARIA,TABLADA,-11.18896462,-77.48257022
LIMA,HUAURA,SANTA MARIA,HUACAN,-11.11221,-77.39988
LIMA,HUAURA,SANTA MARIA,SAN MARTIN,-11.12233998,-77.54738999
LIMA,HUAURA,SANTA MARIA,VALMO,-11.11729,-77.53582
LIMA,HUAURA,SANTA MARIA,LA VIÑA,-11.09794,-77.53829
LIMA,HUAURA,SANTA MARIA,HUMILDAD Y PACIENCIA,-11.0915,-77.56889
LIMA,HUAURA,SANTA MARIA,TRES PUENTES,-11.0831,-77.56896
LIMA,HUAURA,SANTA MARIA,QUEBRADA DEL COCHINO,-11.11985998,-77.53640999
LIMA,HUAURA,SANTA MARIA,LA UNION BAJA,-11.12720381,-77.41082523
LIMA,HUAURA,SANTA MARIA,TABLADA INTERMEDIA,-11.10023,-77.47426
LIMA,HUAURA,SAYAN,SAYAN,-11.13484856,-77.19214245
LIMA,HUAURA,SAYAN,MANCO CAPAC (EL CARMEN),-11.10687,-77.35004
LIMA,HUAURA,SAYAN,SAN MIGUEL DE ARCA ANGEL,-11.11828167,-77.31646167
LIMA,HUAURA,SAYAN,CAÑAS,-11.13953,-77.24123
LIMA,HUAURA,SAYAN,IBIS,-11.14054,-77.23038
LIMA,HUAURA,SAYAN,MANI BAJO,-11.13969,-77.212555
LIMA,HUAURA,SAYAN,LAS PALMERAS,-11.13782,-77.20676
LIMA,HUAURA,SAYAN,MANI ALTO,-11.132255,-77.1965
LIMA,HUAURA,SAYAN,CHIQUIQUINTA (CHIQUIQUINTAY),-11.1038,-77.17527
LIMA,HUAURA,SAYAN,PIEDRA CANCHA,-11.161467,-77.13797
LIMA,HUAURA,SAYAN,PAMPA GRANDE,-11.15812,-77.14060667
LIMA,HUAURA,SAYAN,PUEBLO NUEVO,-11.15274743,-77.15483681
LIMA,HUAURA,SAYAN,QUICHES ALTO,-11.15133737,-77.16637399
LIMA,HUAURA,SAYAN,QUINCHES BAJO,-11.152605,-77.16656333
LIMA,HUAURA,SAYAN,AMBAR PUQUIO,-11.14519,-77.18121
LIMA,HUAURA,SAYAN,VISTA ALEGRE,-11.14479833,-77.18727333
LIMA,HUAURA,SAYAN,HUAMILANCHE,-11.14985,-77.19126
LIMA,HUAURA,SAYAN,LA HOYADA,-11.14868,-77.19553
LIMA,HUAURA,SAYAN,PUENTE CHICO,-11.145086,-77.203
LIMA,HUAURA,SAYAN,CORRAL DE PIEDRA,-11.13863,-77.20199
LIMA,HUAURA,SAYAN,ANDAHUASI (COOPERATIVA),-11.14723822,-77.24409973
LIMA,HUAURA,SAYAN,DIECISIETE DE ENERO,-11.15528,-77.24098
LIMA,HUAURA,SAYAN,ALAMO (LA TUNA),-11.19379833,-77.30392333
LIMA,HUAURA,SAYAN,LA FLORIDA,-11.19607333,-77.30458667
LIMA,HUAURA,SAYAN,SAN LUIS,-11.19529167,-77.30431167
LIMA,HUAURA,SAYAN,ACHALAY,-11.199235,-77.30555167
LIMA,HUAURA,SAYAN,SAN ANDRES,-11.19771333,-77.30502333
LIMA,HUAURA,SAYAN,HARAS LA ESTANCIA,-11.20761298,-77.29799349
LIMA,HUAURA,SAYAN,SAN JOSE CHICO,-11.203835,-77.30666167
LIMA,HUAURA,SAYAN,HARAS SAN PABLO,-11.21613167,-77.309845
LIMA,HUAURA,SAYAN,EL GRIFO,-11.21687,-77.30838
LIMA,HUAURA,SAYAN,SANTA ROSA,-11.22295506,-77.30832674
LIMA,HUAURA,SAYAN,CLAUDITA,-11.22832035,-77.30664061
LIMA,HUAURA,SAYAN,LOS ALGARROBOS,-11.23651167,-77.31637
LIMA,HUAURA,SAYAN,LOS CHILCOS,-11.22833,-77.35097167
LIMA,HUAURA,SAYAN,LOS HUARANGOS,-11.23831,-77.317765
LIMA,HUAURA,SAYAN,DON ALBERTO (CASA BLANCA),-11.2569,-77.33931
LIMA,HUAURA,SAYAN,EL AHORCADO (SANTA ROSA),-11.27014235,-77.32574121
LIMA,HUAURA,SAYAN,CORONA,-11.27641398,-77.30600599
LIMA,HUAURA,SAYAN,TAMBERA ALTA,-11.29434479,-77.32157894
LIMA,HUAURA,SAYAN,EL CALVARIO,-11.27180123,-77.33439811
LIMA,HUAURA,SAYAN,GALISA,-11.269299,-77.34423
LIMA,HUAURA,SAYAN,SANTA CONSTANCIA,-11.2591,-77.35251333
LIMA,HUAURA,SAYAN,SAN HILARION,-11.25298667,-77.342865
LIMA,HUAURA,SAYAN,LA VICTORIA,-11.25527724,-77.35815086
LIMA,HUAURA,SAYAN,SANTA ANITA LUIS PARDO,-11.25228215,-77.36012801
LIMA,HUAURA,SAYAN,FAUSTA ANGELICA,-11.23372667,-77.36881
LIMA,HUAURA,SAYAN,SAN BOSCO,-11.23361833,-77.364295
LIMA,HUAURA,SAYAN,LUVIO,-11.22189333,-77.36562333
LIMA,HUAURA,SAYAN,SAN FRANCISCO,-11.23157333,-77.3561
LIMA,HUAURA,SAYAN,CALESA,-11.23097333,-77.34723667
LIMA,HUAURA,SAYAN,GANZO AZUL,-11.19473312,-77.32243439
LIMA,HUAURA,SAYAN,HORNO ALTO,-11.19029095,-77.35158765
LIMA,HUAURA,SAYAN,LAS COLINAS,-11.20627,-77.36197833
LIMA,HUAURA,SAYAN,SAN PEDRO,-11.21444519,-77.35850202
LIMA,HUAURA,SAYAN,LAS GARDENIAS,-11.216494,-77.36301
LIMA,HUAURA,SAYAN,SANTA ROSITA,-11.21517565,-77.37150492
LIMA,HUAURA,SAYAN,SAN ROBERTO,-11.20332667,-77.37228
LIMA,HUAURA,SAYAN,SAN MIGUEL,-11.204645,-77.37771667
LIMA,HUAURA,SAYAN,VILLA VICTORIA,-11.20597333,-77.38818167
LIMA,HUAURA,SAYAN,SAN CARLOS,-11.20622833,-77.38953667
LIMA,HUAURA,SAYAN,SAN MIGUEL BAJO,-11.20753,-77.399595
LIMA,HUAURA,SAYAN,DOBLE B,-11.20558,-77.38825
LIMA,HUAURA,SAYAN,SANTA ANA,-11.2224775,-77.38491072
LIMA,HUAURA,SAYAN,EL DORADO,-11.20661833,-77.39367
LIMA,HUAURA,SAYAN,LA CADENA,-11.20840167,-77.407345
LIMA,HUAURA,SAYAN,CAROLINA,-11.2091058,-77.39838655
LIMA,HUAURA,SAYAN,PARAISO,-11.207205,-77.39885667
LIMA,HUAURA,SAYAN,LA PANCA,-11.21252,-77.41553
LIMA,HUAURA,SAYAN,LA CAPULLANA,-11.20900667,-77.41699333
LIMA,HUAURA,SAYAN,RANCHO CHICO,-11.20514,-77.41767833
LIMA,HUAURA,SAYAN,LA ESTRELLA,-11.207745,-77.402205
LIMA,HUAURA,SAYAN,LAS MARIAS,-11.200576,-77.42582
LIMA,HUAURA,SAYAN,LA PALMA (LAS FLORES),-11.20041833,-77.42398167
LIMA,HUAURA,SAYAN,LA UNION ALTA,-11.18655043,-77.43541955
LIMA,HUAURA,SAYAN,LA UNION,-11.206018,-77.43362
LIMA,HUAURA,SAYAN,LA UNION BAJA,-11.19393836,-77.44850556
LIMA,HUAURA,SAYAN,UNION IZQUIERDA,-11.20811167,-77.43971667
LIMA,HUAURA,SAYAN,LOS MEDANOS (MARGARET),-11.218739,-77.4097
LIMA,HUAURA,SAYAN,SAN GUILLERMO,-11.20690167,-77.42312833
LIMA,HUAURA,SAYAN,HARAS MONTERRICO,-11.22930167,-77.40069167
LIMA,HUAURA,SAYAN,MARGARET,-11.21919,-77.41162
LIMA,HUAURA,SAYAN,EL CHARCO,-11.20614667,-77.417145
LIMA,HUAURA,SAYAN,NUEVE DE OCTUBRE,-11.21762,-77.41507
LIMA,HUAURA,SAYAN,ANANTA,-11.22441,-77.40466
LIMA,HUAURA,SAYAN,LAS PIEDRAS,-11.24213,-77.40772
LIMA,HUAURA,SAYAN,COCO RICO,-11.24537,-77.39367833
LIMA,HUAURA,SAYAN,LOS CERROS,-11.24079167,-77.404835
LIMA,HUAURA,SAYAN,JUAN PABLO,-11.24529354,-77.39769127
LIMA,HUAURA,SAYAN,PUGA,-11.228488,-77.38758
LIMA,HUAURA,SAYAN,SAN GERONIMO,-11.22846865,-77.36438833
LIMA,HUAURA,SAYAN,EL ESCORPIO,-11.23046333,-77.378275
LIMA,HUAURA,SAYAN,SANTA VICTORIA,-11.207515,-77.40027833
LIMA,HUAURA,SAYAN,LA POLVORA,-11.220712,-77.3656
LIMA,HUAURA,SAYAN,CAFETALES,-11.21652833,-77.36636833
LIMA,HUAURA,SAYAN,RAYAMBAL,-11.22760167,-77.367935
LIMA,HUAURA,SAYAN,SAN ANTONIO DE PADUA,-11.23404073,-77.37164842
LIMA,HUAURA,SAYAN,LA VILLA,-11.23412,-77.37838
LIMA,HUAURA,SAYAN,HARAS MORENO,-11.236924,-77.39719
LIMA,HUAURA,SAYAN,HARAS CANTO DORADO,-11.243283,-77.38711
LIMA,HUAURA,SAYAN,LOS OLIVOS,-11.23833,-77.37508
LIMA,HUAURA,SAYAN,LA ENSENADA,-11.24126098,-77.37360013
LIMA,HUAURA,SAYAN,HARAS LA CABAÑA,-11.24855,-77.37266
LIMA,HUAURA,SAYAN,SANTA BEATRIZ,-11.25762,-77.37146
LIMA,HUAURA,SAYAN,COSTA VERDE,-11.13531,-77.19913
LIMA,HUAURA,SAYAN,SAN BORJA,-11.1503048,-77.16256773
LIMA,HUAURA,SAYAN,LA MERCED,-11.21914,-77.31111
LIMA,HUAURA,SAYAN,CALI,-11.20790833,-77.43558833
LIMA,HUAURA,SAYAN,SAN JORGE,-11.20841083,-77.44205873
LIMA,HUAURA,SAYAN,LOS CHINOS (STA. VIRGINIA),-11.21022167,-77.40956833
LIMA,HUAURA,SAYAN,HARAS VALAREZO,-11.21674387,-77.40901722
LIMA,HUAURA,SAYAN,EL MILAGRO,-11.22709833,-77.40143
LIMA,HUAURA,SAYAN,ROMAN,-11.23421,-77.39862333
LIMA,HUAURA,SAYAN,ROY MARTIN,-11.23362035,-77.36981146
LIMA,HUAURA,SAYAN,CRUCE,-11.22956998,-77.36254999
LIMA,HUAURA,SAYAN,SAN JOSE,-11.22852667,-77.33980167
LIMA,HUAURA,SAYAN,SANTA CECILIA,-11.237895,-77.36351167
LIMA,HUAURA,SAYAN,ALAMO,-11.248188,-77.31564
LIMA,HUAURA,SAYAN,SAN JAVIER,-11.25634235,-77.34090224
LIMA,HUAURA,SAYAN,PAMPA YARO,-11.269145,-77.34358167
LIMA,HUAURA,SAYAN,TIWINZA,-11.26710287,-77.33689767
LIMA,HUAURA,SAYAN,CASA BLANCA,-11.12534667,-77.18451333
LIMA,HUAURA,SAYAN,CHIMBILILLO,-11.116535,-77.17797333
LIMA,HUAURA,SAYAN,SAN JUAN,-11.20925167,-77.43602167
LIMA,HUAURA,SAYAN,AGRAVES,-11.21844,-77.43158333
LIMA,HUAURA,SAYAN,LOS ANDES,-11.22022,-77.42479
LIMA,HUAURA,SAYAN,SANTA RUFINA,-11.25400935,-77.36722474
LIMA,HUAURA,SAYAN,MONSERRAT,-11.20963333,-77.30832833
LIMA,HUAURA,SAYAN,DOBLE B,-11.20146333,-77.31072333
LIMA,HUAURA,SAYAN,SANTA MARIA,-11.195915,-77.30494333
LIMA,HUAURA,SAYAN,IWANCO,-11.22804,-77.27377
LIMA,HUAURA,SAYAN,ORRANTA LA GRAN CHAPARRAL,-11.20532167,-77.30696833
LIMA,HUAURA,SAYAN,CONDORES,-11.25287673,-77.31612449
LIMA,HUAURA,SAYAN,EL CORCOBADO,-11.23446,-77.31603833
LIMA,HUAURA,SAYAN,CLEMENTE,-11.24059833,-77.31833333
LIMA,HUAURA,SAYAN,ORTEGA,-11.23073833,-77.31221333
LIMA,HUAURA,SAYAN,LA CRUZ DE ANDAHUASI,-11.1511,-77.21601
LIMA,HUAURA,SAYAN,LA ARRINCONADA,-11.21535667,-77.39782667
LIMA,HUAURA,SAYAN,RIO BRAVO,-11.23444333,-77.37572833
LIMA,HUAURA,SAYAN,DON ALBERTO,-11.25758159,-77.3396176
LIMA,HUAURA,SAYAN,SANTA CONSTANSA,-11.26030167,-77.353805
LIMA,HUAURA,SAYAN,DARIO ADOLFO,-11.24480167,-77.35428667
LIMA,HUAURA,VEGUETA,VEGUETA,-11.02332883,-77.64425427
LIMA,HUAURA,VEGUETA,LOS VIÑOS,-10.89676,-77.68722
LIMA,HUAURA,VEGUETA,SAN JOSE,-10.89683,-77.64938
LIMA,HUAURA,VEGUETA,CAMAY,-10.91234,-77.64773
LIMA,HUAURA,VEGUETA,EL CARMEN,-10.92016,-77.65589
LIMA,HUAURA,VEGUETA,SANTA JUANA,-10.90867833,-77.62627833
LIMA,HUAURA,VEGUETA,CHEPITA,-10.91933,-77.63084
LIMA,HUAURA,VEGUETA,SAN PEDRO,-10.92224333,-77.63964333
LIMA,HUAURA,VEGUETA,SANTA ANA,-10.92572,-77.64532
LIMA,HUAURA,VEGUETA,MEDIO MUNDO,-10.93087837,-77.65293851
LIMA,HUAURA,VEGUETA,SANTA AMELIA,-10.922205,-77.64476
LIMA,HUAURA,VEGUETA,SAN ANTONIO,-10.93169,-77.64133
LIMA,HUAURA,VEGUETA,LA QUERENCIA,-10.92709,-77.62738
LIMA,HUAURA,VEGUETA,JOSE CARLOS MARIATEGUI,-10.93982,-77.64182
LIMA,HUAURA,VEGUETA,CHILAMPA,-10.94458,-77.63851
LIMA,HUAURA,VEGUETA,LA PONDEROSA,-10.94135,-77.62417
LIMA,HUAURA,VEGUETA,TRES MARIAS,-10.939716,-77.61987
LIMA,HUAURA,VEGUETA,SANTA TERESA (TRES MARIAS),-10.94138,-77.6304
LIMA,HUAURA,VEGUETA,SANTA CRUZ (LA CUEVA),-10.945029,-77.64755
LIMA,HUAURA,VEGUETA,ROSARIO,-10.94998,-77.63878
LIMA,HUAURA,VEGUETA,LA MILAGROSA,-10.95036,-77.64521
LIMA,HUAURA,VEGUETA,SAN MARTIN DE PORRES,-10.96421,-77.64729
LIMA,HUAURA,VEGUETA,SAN FELIPE ALTO,-10.94022,-77.60892
LIMA,HUAURA,VEGUETA,SAN FELIPITO,-10.94447,-77.60768
LIMA,HUAURA,VEGUETA,LAS CALDAS,-10.9513,-77.60213
LIMA,HUAURA,VEGUETA,AMIRALLA,-10.95896,-77.61741
LIMA,HUAURA,VEGUETA,DOY DOY,-10.97231,-77.64046
LIMA,HUAURA,VEGUETA,SAN LORENZO,-10.9668,-77.61393
LIMA,HUAURA,VEGUETA,EL CONDOR,-10.95564,-77.62159
LIMA,HUAURA,VEGUETA,LA VILLA AGRARIA (SONIA),-10.96970562,-77.64884105
LIMA,HUAURA,VEGUETA,SAN JUAN BAJO,-10.973342,-77.64476
LIMA,HUAURA,VEGUETA,SAN JUAN ALTO,-10.97046,-77.63361
LIMA,HUAURA,VEGUETA,SAN CARLOS,-10.96878,-77.60321
LIMA,HUAURA,VEGUETA,SAN JORGE,-10.9755,-77.6324
LIMA,HUAURA,VEGUETA,SANTA ISABEL,-10.98945,-77.6394
LIMA,HUAURA,VEGUETA,LOS MEDANOS,-11.00394,-77.64662
LIMA,HUAURA,VEGUETA,MIRAMAR ALTO (FLORES DE OLIVO),-11.00183,-77.61353
LIMA,HUAURA,VEGUETA,SANTA BARBARA,-10.99565,-77.60199
LIMA,HUAURA,VEGUETA,SANTA ROSA,-10.99414,-77.58979
LIMA,HUAURA,VEGUETA,TUPAC AMARU,-11.008928,-77.60543
LIMA,HUAURA,VEGUETA,MIRAMAR BAJO,-11.00406,-77.62174
LIMA,HUAURA,VEGUETA,SANTA YOLANDA (FUNDO YOLANDA),-11.006636,-77.63741
LIMA,HUAURA,VEGUETA,200 MILLAS,-11.00445,-77.64446
LIMA,HUAURA,VEGUETA,CALETA DE VEGUETA,-11.00743,-77.6554
LIMA,HUAURA,VEGUETA,PACAYAL BAJO,-11.01143,-77.63705
LIMA,HUAURA,VEGUETA,LAS MERCEDES CERRO CAMPANA,-11.01211605,-77.62679663
LIMA,HUAURA,VEGUETA,PRIMAVERA,-11.01073,-77.61002
LIMA,HUAURA,VEGUETA,TIROLER,-11.00863,-77.58126
LIMA,HUAURA,VEGUETA,LOS OLIVOS,-11.013405,-77.58526
LIMA,HUAURA,VEGUETA,OTOÑO,-11.01871,-77.60174
LIMA,HUAURA,VEGUETA,LA FLORIDA,-11.02079,-77.61935
LIMA,HUAURA,VEGUETA,BELLAVISTA,-11.019913,-77.62351
LIMA,HUAURA,VEGUETA,SAN ISIDRO,-11.01085,-77.64359
LIMA,HUAURA,VEGUETA,LA PERLITA (LA PERLA),-11.02244,-77.62757
LIMA,HUAURA,VEGUETA,MAZO,-11.02404808,-77.60689466
LIMA,HUAURA,VEGUETA,LA MURALLA,-11.02306667,-77.59075
LIMA,HUAURA,VEGUETA,TRAVIESO,-11.014285,-77.56846833
LIMA,HUAURA,VEGUETA,LA MAQUINA,-11.03001,-77.59986833
LIMA,HUAURA,VEGUETA,LA BALANZA,-11.039085,-77.60437
LIMA,HUAURA,VEGUETA,NUESTRA SEÑORA DE GUADALUPE,-11.03875,-77.60945
LIMA,HUAURA,VEGUETA,RUQUIA,-11.04106,-77.63694
LIMA,HUAURA,VEGUETA,CHACARILLA,-11.04947,-77.61685
LIMA,HUAURA,VEGUETA,LA CALERA,-11.0524,-77.6301
LIMA,HUAURA,VEGUETA,PAMPA DEL CURA,-11.0572,-77.61272
LIMA,HUAURA,VEGUETA,EL ROSARIO,-10.90008,-77.636
LIMA,HUAURA,VEGUETA,NUEVO PROGRESO,-10.92198,-77.62505
LIMA,HUAURA,VEGUETA,SANTA ANTONIETA,-10.93086,-77.63588
LIMA,HUAURA,VEGUETA,LA CABAÑA (SAN LAUREN),-10.96845,-77.64306
LIMA,HUAURA,VEGUETA,SAN JOSE DE TIROLER,-11.00481,-77.58343
LIMA,HUAURA,VEGUETA,CERRO COLORADO,-11.03451,-77.62239
LIMA,HUAURA,VEGUETA,LA RINCONADA,-11.00817667,-77.62612
LIMA,HUAURA,VEGUETA,LA UNION,-11.00553333,-77.62268833
LIMA,HUAURA,VEGUETA,SANTA FE,-11.01176,-77.64749
LIMA,HUAURA,VEGUETA,LAS MARAS,-10.97696083,-77.64977444
LIMA,HUAURA,VEGUETA,ESTEBAN,-11.00101833,-77.581295
LIMA,HUAURA,VEGUETA,GUADALUPE,-10.97193,-77.57105
LIMA,HUAURA,VEGUETA,TOSHI,-10.973972,-77.55171
LIMA,HUAURA,VEGUETA,SINCHI,-11.00782,-77.57120667
LIMA,HUAURA,VEGUETA,OSCAR,-11.01834167,-77.56458333
LIMA,HUAURA,VEGUETA,MIRAGUA,-10.98269,-77.62428
LIMA,HUAURA,VEGUETA,QUINTA PALMERAS,-11.01925,-77.60125167
LIMA,HUAURA,VEGUETA,PROGRESO,-11.00704,-77.56808
LIMA,HUAURA,VEGUETA,SAN JUAN 1,-11.00011,-77.58122
LIMA,HUAURA,VEGUETA,WIRACOCHA,-11.012698,-77.60693
LIMA,HUAURA,VEGUETA,QUINTA MAZO,-11.00034,-77.59417
LIMA,HUAURA,VEGUETA,SINCHI 3 L,-10.99959,-77.61174
LIMA,HUAURA,VEGUETA,TARPUY,-10.99787,-77.5967
LIMA,HUAURA,VEGUETA,SANTA FELICITA,-10.9887,-77.56608
LIMA,HUAURA,VEGUETA,VIRGEN DE FATIMA,-10.98091,-77.57075
LIMA,HUAURA,VEGUETA,MAYORGA,-10.99253,-77.59385
LIMA,OYON,OYON,OYON,-10.66809552,-76.77319669
LIMA,OYON,OYON,JATUN CORRAL,-10.5385,-76.769565
LIMA,OYON,OYON,FUNDICION CHICO,-10.558375,-76.77133833
LIMA,OYON,OYON,MACAPATA,-10.56420998,-76.77483999
LIMA,OYON,OYON,SANHUACHI,-10.67009,-76.76343
LIMA,OYON,OYON,MUYUCANCHA,-10.67741,-76.75756
LIMA,OYON,OYON,CHURCURUMI,-10.67762,-76.73925
LIMA,OYON,OYON,JAPICHACA,-10.67928167,-76.76171333
LIMA,OYON,OYON,RUPAY,-10.69498,-76.82024667
LIMA,OYON,OYON,PICO,-10.73184848,-76.84449674
LIMA,OYON,OYON,YARUCALLA,-10.67597667,-76.76478833
LIMA,OYON,OYON,QUINUANHUAYA,-10.67731,-76.75751833
LIMA,OYON,OYON,SECCHA,-10.72717,-76.76323
LIMA,OYON,OYON,SURA,-10.7221486,-76.67749461
LIMA,OYON,OYON,JAYACANCHA,-10.66732998,-76.80213999
LIMA,OYON,OYON,POMACANCHA,-10.63929,-76.78886
LIMA,OYON,OYON,PISHTAG HUASCAR,-10.68156285,-76.70515611
LIMA,OYON,OYON,AIRA,-10.6070586,-76.85224224
LIMA,OYON,OYON,HUANCAYOC,-10.6091856,-76.79689261
LIMA,OYON,OYON,HUARUPAMPA,-10.5792461,-76.77041599
LIMA,OYON,OYON,SHIRIPATA,-10.7028516,-76.84141799
LIMA,OYON,OYON,YANASQUI,-10.70089848,-76.86487299
LIMA,OYON,OYON,CUTA,-10.69673635,-76.82891599
LIMA,OYON,OYON,TRANCA,-10.61059373,-76.86045511
LIMA,OYON,OYON,AUQUIN,-10.65725385,-76.85706836
LIMA,OYON,OYON,CHANQUILLO,-10.68536723,-76.82475386
LIMA,OYON,OYON,ISCAYCORRAL,-10.59137498,-76.88427349
LIMA,OYON,OYON,ANTAHUANCAN,-10.5963496,-76.88170311
LIMA,OYON,OYON,SAGRAMACHAY,-10.66375973,-76.81303911
LIMA,OYON,OYON,ATLA,-10.68238285,-76.84304886
LIMA,OYON,OYON,PUYHUAN,-10.79157035,-76.69647661
LIMA,OYON,OYON,TAULISH,-10.670718,-76.74457
LIMA,OYON,OYON,SHAMPORAGRA,-10.68220698,-76.74523236
LIMA,OYON,OYON,CHILCAS,-10.67998167,-76.75580333
LIMA,OYON,OYON,TATA HUACA,-10.67756848,-76.76315376
LIMA,OYON,OYON,YARUSH,-10.69667,-76.79823
LIMA,OYON,OYON,YANAMAYO,-10.7352927,-76.84562327
LIMA,OYON,OYON,CHUCHUAIN,-10.76398823,-76.84648436
LIMA,OYON,OYON,CHUPA,-10.74260935,-76.85195899
LIMA,OYON,OYON,GAU GAU,-10.7522246,-76.69968549
LIMA,YAUYOS,YAUYOS,YAUYOS,-12.45967704,-75.91868366
LIMA,YAUYOS,YAUYOS,CAMARA,-12.46295,-75.90827
LIMA,YAUYOS,YAUYOS,ÑAUPAHUASI,-12.46638,-75.92145
LIMA,LIMA,LIMA,LIMA,-12.04597289,-77.03056746
LIMA,LIMA,CIENEGUILLA,SANTA ROSA DE CHONTAY (CHONTAY),-12.03446,-76.71
LIMA,LIMA,EL AGUSTINO,EL AGUSTINO,-12.04998154,-76.99871
LIMA,LIMA,INDEPENDENCIA,INDEPENDENCIA,-11.99679056,-77.05481
LIMA,LIMA,JESUS MARIA,JESUS MARIA,-12.07517667,-77.043891
LIMA,LIMA,LA MOLINA,LA MOLINA,-12.07798442,-76.91
LIMA,LIMA,LA VICTORIA,LA VICTORIA,-12.06394688,-77.03001
LIMA,LIMA,LINCE,LINCE,-12.08250088,-77.031
LIMA,LIMA,LOS OLIVOS,LAS PALMERAS,-11.99152584,-77.071
LIMA,LIMA,LURIGANCHO,CHOSICA,-11.93643485,-76.696721
LIMA,LIMA,LURIN,PAMPA DE LURIN,-12.26706,-76.83946
LIMA,LIMA,LURIN,LA QUERENCIA,-12.27205644,-76.8365561
LIMA,LIMA,PUCUSANA,HONDA,-12.442964,-76.77708
LIMA,LIMA,PUCUSANA,QUIPA,-12.445647,-76.781
LIMA,LIMA,PUCUSANA,LOS PELICANOS,-12.443874,-76.77943
LIMA,LIMA,PUCUSANA,GRANJA SANTA ELENA,-12.46287,-76.7861
LIMA,LIMA,PUCUSANA,POSEIDON - LOBO VARADO,-12.46878,-76.78768
LIMA,LIMA,PUNTA HERMOSA,AVICOLA SAN CIRILO DE LOMA NEGRA - 02,-12.32569,-76.821
LIMA,LIMA,PUNTA HERMOSA,PAMPA MAMAY,-12.29667,-76.8251
LIMA,LIMA,PUNTA HERMOSA,CERRO BOTIJA,-12.3422,-76.81
LIMA,LIMA,PUNTA HERMOSA,AGRICULTORES Y GANADEROS,-12.30847,-76.81
LIMA,LIMA,PUNTA NEGRA,PUNTA NEGRA,-12.36548459,-76.7951
LIMA,LIMA,PUNTA NEGRA,CHANCHERIA,-12.35817,-76.76481
LIMA,LIMA,RIMAC,RIMAC,-12.04233517,-77.0261
LIMA,LIMA,SAN JUAN DE LURIGANCHO,SAN JUAN DE LURIGANCHO,-12.02836153,-77.00821
LIMA,LIMA,SAN JUAN DE MIRAFLORES,CIUDAD DE DIOS,-12.16332419,-76.96261
LIMA,LIMA,SAN MIGUEL,SAN MIGUEL,-12.09237392,-77.08001
LIMA,LIMA,SANTA ROSA,SANTA ROSA,-11.79701627,-77.1
LIMA,LIMA,SURQUILLO,SURQUILLO,-12.11717649,-77.020621
LIMA,LIMA,VILLA EL SALVADOR,VILLA EL SALVADOR,-12.21222766,-76.93481
LIMA,LIMA,VILLA MARIA DEL TRIUNFO,VILLA MARIA DEL TRIUNFO,-12.16262873,-76.94421
LIMA,BARRANCA,BARRANCA,POTAO,-10.71287,-77.7401
LIMA,BARRANCA,BARRANCA,ARAYA GRANDE,-10.6731,-77.62585
LIMA,BARRANCA,BARRANCA,SANTA ELENA NORTE,-10.72821,-77.71
LIMA,BARRANCA,BARRANCA,CENICERO,-10.76695,-77.7541
LIMA,BARRANCA,BARRANCA,SANTA MARGARITA,-10.7678,-77.741
LIMA,BARRANCA,BARRANCA,SANTA EMILIA,-10.76876,-77.74243
LIMA,BARRANCA,BARRANCA,SAN JORGE,-10.75262,-77.724925
LIMA,BARRANCA,PARAMONGA,PARAMONGA,-10.67431537,-77.81
LIMA,BARRANCA,PARAMONGA,PORVENIR,-10.64192,-77.81
LIMA,BARRANCA,PARAMONGA,LAMPAY,-10.63937,-77.80364
LIMA,BARRANCA,PARAMONGA,LA CALERA,-10.65385,-77.79301
LIMA,BARRANCA,PARAMONGA,TOTORAL,-10.65298,-77.79331
LIMA,BARRANCA,PARAMONGA,SAN PABLO,-10.66006667,-77.81
LIMA,BARRANCA,PARAMONGA,SAN PEDRO,-10.66169,-77.81
LIMA,BARRANCA,PARAMONGA,LA FORTALEZA,-10.655135,-77.8351
LIMA,BARRANCA,PARAMONGA,CANOA BAJO,-10.68572,-77.81
LIMA,BARRANCA,PARAMONGA,CANOA (GRINGO MUERTO),-10.69025,-77.81
LIMA,BARRANCA,PARAMONGA,CANOA ALTO,-10.69092,-77.81
LIMA,BARRANCA,PARAMONGA,COVATIERRA,-10.69972,-77.81
LIMA,BARRANCA,SUPE,SUPE,-10.79575749,-77.71
LIMA,BARRANCA,SUPE,VIRGEN DEL ROSARIO,-10.73837,-77.61
LIMA,BARRANCA,SUPE,RIO SECO,-10.80328,-77.6901
LIMA,BARRANCA,SUPE,EL MOLINO,-10.83225,-77.66436
LIMA,BARRANCA,SUPE,TUTUMO,-10.84639,-77.67001
LIMA,BARRANCA,SUPE,CARAL,-10.89004,-77.501
LIMA,BARRANCA,SUPE,LA MINKA,-10.78787954,-77.71
LIMA,BARRANCA,SUPE,LA MERCED-PURMACANA,-10.79685,-77.69394
LIMA,BARRANCA,SUPE PUERTO,SUPE PUERTO,-10.80446547,-77.7428461
LIMA,BARRANCA,SUPE PUERTO,REPARTICION,-10.77529,-77.721
LIMA,BARRANCA,SUPE PUERTO,SAN JOSE,-10.78778,-77.71
LIMA,CAJATAMBO,CAJATAMBO,UTCAS,-10.46693295,-77.05709271
LIMA,CAJATAMBO,CAJATAMBO,HUAYNUPAMPA,-10.47577,-77.001
LIMA,CAJATAMBO,COPA,COPA,-10.38640274,-77.07921
LIMA,CAJATAMBO,GORGOR,GORGOR,-10.62075,-77.041
LIMA,CAJATAMBO,HUANCAPON,CAJAMARQUILLA,-10.49930197,-77.05534456
LIMA,CAJATAMBO,MANAS,MANAS,-10.59526,-77.1
LIMA,CAJATAMBO,MANAS,YANAPAMPA,-10.60247,-77.34256
LIMA,CANTA,CANTA,QUINTA ROSADA,-11.47094,-76.61
LIMA,CANTA,CANTA,LLAMALQUE,-11.45895667,-76.61
LIMA,CANTA,CANTA,SIPAYA,-11.45828667,-76.61
LIMA,CANTA,CANTA,HUACHULLANE,-11.45604,-76.61
LIMA,CANTA,CANTA,RUCUMA,-11.45927,-76.6201
LIMA,CANTA,CANTA,HUAYTARA,-11.46215,-76.61
LIMA,CANTA,CANTA,AGENE,-11.46382,-76.61
LIMA,CANTA,CANTA,TRANCA,-11.45938,-76.61
LIMA,CANTA,ARAHUAY,ARAHUAY,-11.62135061,-76.6701
LIMA,CANTA,HUAMANTANGA,HUAMANTANGA,-11.49974,-76.74874
LIMA,CANTA,LACHAQUI,LACHAQUI,-11.55292,-76.62661
LIMA,CANTA,SAN BUENAVENTURA,LUCLE,-11.44773,-76.61
LIMA,CANTA,SAN BUENAVENTURA,LA ARENA,-11.44763667,-76.61
LIMA,CANTA,SAN BUENAVENTURA,LA BANDA,-11.44963692,-76.61
LIMA,CANTA,SANTA ROSA DE QUIVES,ZAPAN,-11.69873,-76.93622
LIMA,CAÑETE,SAN VICENTE DE CAÑETE,SAN ANTONIO,-13.08884,-76.41
LIMA,CAÑETE,SAN VICENTE DE CAÑETE,SANTA ROSA (SANTA ROSA BAJA),-13.09505,-76.3951
LIMA,CAÑETE,SAN VICENTE DE CAÑETE,CUIVA,-13.1048,-76.3631
LIMA,CAÑETE,SAN VICENTE DE CAÑETE,LA ESMERALDA,-13.11601,-76.39704
LIMA,CAÑETE,SAN VICENTE DE CAÑETE,LOS GIRASOLES,-13.07603633,-76.4021
LIMA,CAÑETE,SAN VICENTE DE CAÑETE,LA CRUZ,-13.13397,-76.3801
LIMA,CAÑETE,SAN VICENTE DE CAÑETE,HUACA DE ORO,-13.12868162,-76.381
LIMA,CAÑETE,SAN VICENTE DE CAÑETE,PEÑA,-13.13063,-76.38791
LIMA,CAÑETE,SAN VICENTE DE CAÑETE,CINCO CRUCES,-13.29285,-76.2571
LIMA,CAÑETE,SAN VICENTE DE CAÑETE,CAMINO REAL,-13.10462367,-76.371
LIMA,CAÑETE,SAN VICENTE DE CAÑETE,CHOMBO,-13.1016489,-76.3860991
LIMA,CAÑETE,SAN VICENTE DE CAÑETE,LOS ATUNCAR,-13.10478,-76.391
LIMA,CAÑETE,ASIA,PAMPA DOLORES,-12.72787,-76.61
LIMA,CAÑETE,ASIA,9 DE OCTUBRE,-12.73628,-76.61
LIMA,CAÑETE,ASIA,CHOCALLA,-12.73406,-76.61
LIMA,CAÑETE,ASIA,ISLA BAJA (LA ISLA),-12.77579,-76.52635
LIMA,CAÑETE,ASIA,LA JOYA,-12.79352,-76.561
LIMA,CAÑETE,ASIA,MAL PASO,-12.80624,-76.5561
LIMA,CAÑETE,ASIA,PLAYA BONITA,-12.785016,-76.591
LIMA,CAÑETE,ASIA,PLAYA EL SOL,-12.758687,-76.61
LIMA,CAÑETE,ASIA,PLAYA BLANCA,-12.761894,-76.61
LIMA,CAÑETE,ASIA,PLAYA CHUPICALLA,-12.73767,-76.6341
LIMA,CAÑETE,ASIA,PLAYA BORA BORA,-12.756394,-76.61
LIMA,CAÑETE,ASIA,PLAYA EL GOLF,-12.745085,-76.631
LIMA,CAÑETE,ASIA,PLAYA ISLA,-12.766745,-76.61
LIMA,CAÑETE,ASIA,PLAYA LOS FLAMENCOS,-12.765601,-76.61
LIMA,CAÑETE,ASIA,PLAYA PALILLOS,-12.89246998,-76.51
LIMA,CAÑETE,ASIA,PLAYA LA RIVIERA FRANCESA,-12.85283,-76.51
LIMA,CAÑETE,ASIA,CONTRY CLUB DE VILLA,-12.86699,-76.51
LIMA,CAÑETE,CALANGO,LA VUELTA YUNCAVIRI,-12.52475,-76.5239
LIMA,CAÑETE,CALANGO,LA OROYA (MAQUINA),-12.52812,-76.54996
LIMA,CAÑETE,CALANGO,HACIENDA VIEJA,-12.52584833,-76.55441
LIMA,CAÑETE,CALANGO,CASA BLANCA,-12.52592167,-76.555501
LIMA,CAÑETE,CALANGO,SAN PEDRO,-12.524615,-76.56662667
LIMA,CAÑETE,CALANGO,BUENOS AIRES,-12.52233833,-76.570495
LIMA,CAÑETE,CALANGO,NICOCHAY,-12.52645,-76.57281
LIMA,CAÑETE,CALANGO,HUANCAVELICA,-12.52727167,-76.567081
LIMA,CAÑETE,CERRO AZUL,PUERTO GALLARDO,-12.96185,-76.51
LIMA,CAÑETE,CERRO AZUL,LA JONDA,-12.97207726,-76.50421
LIMA,CAÑETE,CERRO AZUL,LOS LOBOS,-12.97955639,-76.50472869
LIMA,CAÑETE,CERRO AZUL,SAN JUAN DE IHUANCO,-12.99708,-76.4505
